#
# There is insufficient memory for the Java Runtime Environment to continue.
# Native memory allocation (malloc) failed to allocate 1165456 bytes. Error detail: Chunk::new
# Possible reasons:
#   The system is out of physical RAM or swap space
#   This process is running with CompressedOops enabled, and the Java Heap may be blocking the growth of the native heap
# Possible solutions:
#   Reduce memory load on the system
#   Increase physical memory or swap space
#   Check if swap backing store is full
#   Decrease Java heap size (-Xmx/-Xms)
#   Decrease number of Java threads
#   Decrease Java thread stack sizes (-Xss)
#   Set larger code cache with -XX:ReservedCodeCacheSize=
#   JVM is running with Unscaled Compressed Oops mode in which the Java heap is
#     placed in the first 4GB address space. The Java Heap base address is the
#     maximum limit for the native heap growth. Please use -XX:HeapBaseMinAddress
#     to set the Java Heap base and to place the Java Heap above 4GB virtual address.
# This output file may be truncated or incomplete.
#
#  Out of Memory Error (arena.cpp:168), pid=32836, tid=37828
#
# JRE version: OpenJDK Runtime Environment (21.0.6) (build 21.0.6+-13391695-b895.109)
# Java VM: OpenJDK 64-Bit Server VM (21.0.6+-13391695-b895.109, mixed mode, tiered, compressed oops, compressed class ptrs, g1 gc, windows-amd64)
# No core dump will be written. Minidumps are not enabled by default on client versions of Windows
#

---------------  S U M M A R Y ------------

Command Line: --add-opens=java.base/java.lang=ALL-UNNAMED --add-opens=java.base/java.lang.invoke=ALL-UNNAMED --add-opens=java.base/java.util=ALL-UNNAMED --add-opens=java.prefs/java.util.prefs=ALL-UNNAMED --add-exports=jdk.compiler/com.sun.tools.javac.api=ALL-UNNAMED --add-exports=jdk.compiler/com.sun.tools.javac.util=ALL-UNNAMED --add-opens=java.base/java.util=ALL-UNNAMED --add-opens=java.prefs/java.util.prefs=ALL-UNNAMED --add-opens=java.base/java.nio.charset=ALL-UNNAMED --add-opens=java.base/java.net=ALL-UNNAMED --add-opens=java.base/java.util.concurrent.atomic=ALL-UNNAMED --add-opens=java.xml/javax.xml.namespace=ALL-UNNAMED -Xmx2048m -Dfile.encoding=UTF-8 -Duser.country=MX -Duser.language=es -Duser.variant -javaagent:C:\Users\HP\.gradle\wrapper\dists\gradle-8.13-bin\5xuhj0ry160q40clulazy9h7d\gradle-8.13\lib\agents\gradle-instrumentation-agent-8.13.jar org.gradle.launcher.daemon.bootstrap.GradleDaemon 8.13

Host: AMD Ryzen 5 7535HS with Radeon Graphics        , 12 cores, 7G,  Windows 11 , 64 bit Build 26100 (10.0.26100.7019)
Time: Tue Nov 11 19:50:44 2025 Hora estándar oeste, Sudamérica elapsed time: 116.108715 seconds (0d 0h 1m 56s)

---------------  T H R E A D  ---------------

Current thread (0x0000018b5e9cb350):  JavaThread "C2 CompilerThread0" daemon [_thread_in_native, id=37828, stack(0x00000082df900000,0x00000082dfa00000) (1024K)]


Current CompileTask:
C2:116108 15879 %     4       javax.management.ObjectName::construct @ 822 (1135 bytes)

Stack: [0x00000082df900000,0x00000082dfa00000]
Native frames: (J=compiled Java code, j=interpreted, Vv=VM code, C=native code)
V  [jvm.dll+0x6d0639]
V  [jvm.dll+0x85eb03]
V  [jvm.dll+0x86105e]
V  [jvm.dll+0x861743]
V  [jvm.dll+0x27e6e6]
V  [jvm.dll+0xbff6d]
V  [jvm.dll+0xc04a3]
V  [jvm.dll+0x3b6171]
V  [jvm.dll+0x3820c7]
V  [jvm.dll+0x38153a]
V  [jvm.dll+0x247c82]
V  [jvm.dll+0x247251]
V  [jvm.dll+0x1c5f04]
V  [jvm.dll+0x2569ac]
V  [jvm.dll+0x254ef6]
V  [jvm.dll+0x3f0e96]
V  [jvm.dll+0x806ed8]
V  [jvm.dll+0x6cef0d]
C  [ucrtbase.dll+0x37b0]
C  [KERNEL32.DLL+0x2e8d7]
C  [ntdll.dll+0x8c53c]


---------------  P R O C E S S  ---------------

Threads class SMR info:
_java_thread_list=0x0000018b6fb8aef0, length=184, elements={
0x0000018b44a09f00, 0x0000018b5e994540, 0x0000018b5e99a030, 0x0000018b5e9a4830,
0x0000018b5e9ad410, 0x0000018b5e9ada70, 0x0000018b5e9ae4c0, 0x0000018b5e9cb350,
0x0000018b5e9d4c60, 0x0000018b5eb4d6e0, 0x0000018b5ece51f0, 0x0000018b64b03ec0,
0x0000018b64c60560, 0x0000018b64c0d420, 0x0000018b64cda9e0, 0x0000018b64eeb370,
0x0000018b630f3d60, 0x0000018b64b64580, 0x0000018b64b83f70, 0x0000018b64b83250,
0x0000018b64b866d0, 0x0000018b64b86040, 0x0000018b64b85320, 0x0000018b64b838e0,
0x0000018b64b859b0, 0x0000018b64b84600, 0x0000018b64b84c90, 0x0000018b66272f30,
0x0000018b662728a0, 0x0000018b662735c0, 0x0000018b662742e0, 0x0000018b66275000,
0x0000018b66275690, 0x0000018b66272210, 0x0000018b66276a40, 0x0000018b66275d20,
0x0000018b662763b0, 0x0000018b662770d0, 0x0000018b66273c50, 0x0000018b662791a0,
0x0000018b66277760, 0x0000018b66278480, 0x0000018b66277df0, 0x0000018b66278b10,
0x0000018b630b75a0, 0x0000018b630b61f0, 0x0000018b630b5b60, 0x0000018b630b7c30,
0x0000018b630b4e40, 0x0000018b630b6880, 0x0000018b630b6f10, 0x0000018b630b47b0,
0x0000018b630b82c0, 0x0000018b630b54d0, 0x0000018b630baa20, 0x0000018b630b9d00,
0x0000018b630bb740, 0x0000018b630b9670, 0x0000018b630bbdd0, 0x0000018b630b8950,
0x0000018b630b8fe0, 0x0000018b630bb0b0, 0x0000018b630ba390, 0x0000018b66444fc0,
0x0000018b66444930, 0x0000018b66442ef0, 0x0000018b66445650, 0x0000018b66445ce0,
0x0000018b66443580, 0x0000018b664442a0, 0x0000018b66446370, 0x0000018b66446a00,
0x0000018b66447090, 0x0000018b66443c10, 0x0000018b66447db0, 0x0000018b66448440,
0x0000018b66449160, 0x0000018b66448ad0, 0x0000018b66447720, 0x0000018b664497f0,
0x0000018b66449e80, 0x0000018b6644a510, 0x0000018b665856d0, 0x0000018b66585040,
0x0000018b66588b50, 0x0000018b66586a80, 0x0000018b66585d60, 0x0000018b66587110,
0x0000018b66587e30, 0x0000018b665877a0, 0x0000018b66589870, 0x0000018b665884c0,
0x0000018b665863f0, 0x0000018b6658c660, 0x0000018b66589f00, 0x0000018b6658ac20,
0x0000018b6658a590, 0x0000018b6658b940, 0x0000018b6658b2b0, 0x0000018b6658bfd0,
0x0000018b66c6d2f0, 0x0000018b66c6a500, 0x0000018b66c6bf40, 0x0000018b66c6b220,
0x0000018b66c6cc60, 0x0000018b66c6ab90, 0x0000018b66c69e70, 0x0000018b66c6b8b0,
0x0000018b66c6e6a0, 0x0000018b66c6f3c0, 0x0000018b66c6d980, 0x0000018b66c6fa50,
0x0000018b66c6e010, 0x0000018b66c6ed30, 0x0000018b66c6c5d0, 0x0000018b66c70e00,
0x0000018b66c700e0, 0x0000018b66c70770, 0x0000018b66c71490, 0x0000018b67adb5e0,
0x0000018b6f378020, 0x0000018b6f377300, 0x0000018b6f375230, 0x0000018b6f3793d0,
0x0000018b6f3786b0, 0x0000018b6f37ae10, 0x0000018b6f378d40, 0x0000018b6f379a60,
0x0000018b6f37a780, 0x0000018b6f37a0f0, 0x0000018b652cb570, 0x0000018b652ce9f0,
0x0000018b652cf080, 0x0000018b652d17e0, 0x0000018b652cfda0, 0x0000018b652d1e70,
0x0000018b652d0ac0, 0x0000018b652d0430, 0x0000018b652d2500, 0x0000018b652cf710,
0x0000018b67ad9ba0, 0x0000018b67add6b0, 0x0000018b67ada230, 0x0000018b67addd40,
0x0000018b67ae0b30, 0x0000018b67adea60, 0x0000018b67adf780, 0x0000018b67adf0f0,
0x0000018b67adfe10, 0x0000018b665891e0, 0x0000018b672d3ad0, 0x0000018b672d4160,
0x0000018b672d2720, 0x0000018b672d0ce0, 0x0000018b672d47f0, 0x0000018b672d3440,
0x0000018b672d2db0, 0x0000018b672d1370, 0x0000018b672d4e80, 0x0000018b672d1a00,
0x0000018b672d8300, 0x0000018b672d6f50, 0x0000018b672d5ba0, 0x0000018b672d5510,
0x0000018b672d6230, 0x0000018b672d75e0, 0x0000018b672d68c0, 0x0000018b672d7c70,
0x0000018b672fb450, 0x0000018b672fa730, 0x0000018b672f9380, 0x0000018b672f9a10,
0x0000018b672fa0a0, 0x0000018b672fadc0, 0x0000018b672fbae0, 0x0000018b672fc170,
0x0000018b672f8cf0, 0x0000018b66be4020, 0x0000018b672fc800, 0x0000018b672fe8d0,
0x0000018b672fdbb0, 0x0000018b67300310, 0x0000018b672fe240, 0x0000018b672fce90
}

Java Threads: ( => current thread )
  0x0000018b44a09f00 JavaThread "main"                              [_thread_blocked, id=36340, stack(0x00000082deb00000,0x00000082dec00000) (1024K)]
  0x0000018b5e994540 JavaThread "Reference Handler"          daemon [_thread_blocked, id=34140, stack(0x00000082df300000,0x00000082df400000) (1024K)]
  0x0000018b5e99a030 JavaThread "Finalizer"                  daemon [_thread_blocked, id=34304, stack(0x00000082df400000,0x00000082df500000) (1024K)]
  0x0000018b5e9a4830 JavaThread "Signal Dispatcher"          daemon [_thread_blocked, id=34640, stack(0x00000082df500000,0x00000082df600000) (1024K)]
  0x0000018b5e9ad410 JavaThread "Attach Listener"            daemon [_thread_blocked, id=17068, stack(0x00000082df600000,0x00000082df700000) (1024K)]
  0x0000018b5e9ada70 JavaThread "Service Thread"             daemon [_thread_blocked, id=29220, stack(0x00000082df700000,0x00000082df800000) (1024K)]
  0x0000018b5e9ae4c0 JavaThread "Monitor Deflation Thread"   daemon [_thread_blocked, id=35864, stack(0x00000082df800000,0x00000082df900000) (1024K)]
=>0x0000018b5e9cb350 JavaThread "C2 CompilerThread0"         daemon [_thread_in_native, id=37828, stack(0x00000082df900000,0x00000082dfa00000) (1024K)]
  0x0000018b5e9d4c60 JavaThread "C1 CompilerThread0"         daemon [_thread_blocked, id=35788, stack(0x00000082dfa00000,0x00000082dfb00000) (1024K)]
  0x0000018b5eb4d6e0 JavaThread "Common-Cleaner"             daemon [_thread_blocked, id=37512, stack(0x00000082dfb00000,0x00000082dfc00000) (1024K)]
  0x0000018b5ece51f0 JavaThread "Notification Thread"        daemon [_thread_blocked, id=34156, stack(0x00000082dfc00000,0x00000082dfd00000) (1024K)]
  0x0000018b64b03ec0 JavaThread "Daemon health stats"               [_thread_blocked, id=36564, stack(0x00000082e0300000,0x00000082e0400000) (1024K)]
  0x0000018b64c60560 JavaThread "Incoming local TCP Connector on port 64073"        [_thread_in_native, id=34192, stack(0x00000082e0400000,0x00000082e0500000) (1024K)]
  0x0000018b64c0d420 JavaThread "Daemon periodic checks"            [_thread_blocked, id=23004, stack(0x00000082e0500000,0x00000082e0600000) (1024K)]
  0x0000018b64cda9e0 JavaThread "Daemon"                            [_thread_blocked, id=24892, stack(0x00000082e0600000,0x00000082e0700000) (1024K)]
  0x0000018b64eeb370 JavaThread "Handler for socket connection from /127.0.0.1:64073 to /127.0.0.1:64075"        [_thread_in_native, id=37816, stack(0x00000082e0700000,0x00000082e0800000) (1024K)]
  0x0000018b630f3d60 JavaThread "Cancel handler"                    [_thread_blocked, id=36836, stack(0x00000082dfd00000,0x00000082dfe00000) (1024K)]
  0x0000018b64b64580 JavaThread "Daemon worker"                     [_thread_blocked, id=37144, stack(0x00000082e0800000,0x00000082e0900000) (1024K)]
  0x0000018b64b83f70 JavaThread "Asynchronous log dispatcher for DefaultDaemonConnection: socket connection from /127.0.0.1:64073 to /127.0.0.1:64075"        [_thread_blocked, id=26352, stack(0x00000082e0900000,0x00000082e0a00000) (1024K)]
  0x0000018b64b83250 JavaThread "Stdin handler"                     [_thread_blocked, id=12968, stack(0x00000082e0a00000,0x00000082e0b00000) (1024K)]
  0x0000018b64b866d0 JavaThread "Daemon client event forwarder"        [_thread_blocked, id=37524, stack(0x00000082e0b00000,0x00000082e0c00000) (1024K)]
  0x0000018b64b86040 JavaThread "Cache worker for journal cache (C:\Users\HP\.gradle\caches\journal-1)"        [_thread_blocked, id=36896, stack(0x00000082e1200000,0x00000082e1300000) (1024K)]
  0x0000018b64b85320 JavaThread "File lock request listener"        [_thread_in_native, id=30404, stack(0x00000082e1300000,0x00000082e1400000) (1024K)]
  0x0000018b64b838e0 JavaThread "Cache worker for file hash cache (C:\Users\HP\.gradle\caches\8.13\fileHashes)"        [_thread_blocked, id=9316, stack(0x00000082e1400000,0x00000082e1500000) (1024K)]
  0x0000018b64b859b0 JavaThread "Cache worker for file hash cache (C:\Users\HP\Pictures\PruebaFastApi\PruebaFastApi\.gradle\8.13\fileHashes)"        [_thread_blocked, id=35488, stack(0x00000082e1600000,0x00000082e1700000) (1024K)]
  0x0000018b64b84600 JavaThread "Cache worker for Build Output Cleanup Cache (C:\Users\HP\Pictures\PruebaFastApi\PruebaFastApi\.gradle\buildOutputCleanup)"        [_thread_blocked, id=10196, stack(0x00000082e1700000,0x00000082e1800000) (1024K)]
  0x0000018b64b84c90 JavaThread "File watcher server"        daemon [_thread_in_native, id=35568, stack(0x00000082e1800000,0x00000082e1900000) (1024K)]
  0x0000018b66272f30 JavaThread "File watcher consumer"      daemon [_thread_blocked, id=10300, stack(0x00000082e1900000,0x00000082e1a00000) (1024K)]
  0x0000018b662728a0 JavaThread "jar transforms"                    [_thread_blocked, id=35364, stack(0x00000082e1500000,0x00000082e1600000) (1024K)]
  0x0000018b662735c0 JavaThread "jar transforms Thread 2"           [_thread_blocked, id=25176, stack(0x00000082e1a00000,0x00000082e1b00000) (1024K)]
  0x0000018b662742e0 JavaThread "Cache worker for checksums cache (C:\Users\HP\Pictures\PruebaFastApi\PruebaFastApi\.gradle\8.13\checksums)"        [_thread_blocked, id=20012, stack(0x00000082e1c00000,0x00000082e1d00000) (1024K)]
  0x0000018b66275000 JavaThread "Cache worker for file content cache (C:\Users\HP\.gradle\caches\8.13\fileContent)"        [_thread_blocked, id=16204, stack(0x00000082e1d00000,0x00000082e1e00000) (1024K)]
  0x0000018b66275690 JavaThread "jar transforms Thread 3"           [_thread_blocked, id=6192, stack(0x00000082e1e00000,0x00000082e1f00000) (1024K)]
  0x0000018b66272210 JavaThread "Cache worker for cache directory md-supplier (C:\Users\HP\.gradle\caches\8.13\md-supplier)"        [_thread_blocked, id=28708, stack(0x00000082e1f00000,0x00000082e2000000) (1024K)]
  0x0000018b66276a40 JavaThread "Cache worker for cache directory md-rule (C:\Users\HP\.gradle\caches\8.13\md-rule)"        [_thread_blocked, id=12044, stack(0x00000082e2000000,0x00000082e2100000) (1024K)]
  0x0000018b66275d20 JavaThread "Unconstrained build operations"        [_thread_blocked, id=36244, stack(0x00000082e1b00000,0x00000082e1c00000) (1024K)]
  0x0000018b662763b0 JavaThread "Unconstrained build operations Thread 2"        [_thread_blocked, id=34712, stack(0x00000082e2100000,0x00000082e2200000) (1024K)]
  0x0000018b662770d0 JavaThread "Unconstrained build operations Thread 3"        [_thread_blocked, id=6736, stack(0x00000082e2200000,0x00000082e2300000) (1024K)]
  0x0000018b66273c50 JavaThread "Unconstrained build operations Thread 4"        [_thread_blocked, id=33584, stack(0x00000082e2300000,0x00000082e2400000) (1024K)]
  0x0000018b662791a0 JavaThread "Unconstrained build operations Thread 5"        [_thread_blocked, id=7880, stack(0x00000082e2400000,0x00000082e2500000) (1024K)]
  0x0000018b66277760 JavaThread "Unconstrained build operations Thread 6"        [_thread_blocked, id=23316, stack(0x00000082e2500000,0x00000082e2600000) (1024K)]
  0x0000018b66278480 JavaThread "Unconstrained build operations Thread 7"        [_thread_blocked, id=24584, stack(0x00000082e2600000,0x00000082e2700000) (1024K)]
  0x0000018b66277df0 JavaThread "Unconstrained build operations Thread 8"        [_thread_blocked, id=26808, stack(0x00000082e2700000,0x00000082e2800000) (1024K)]
  0x0000018b66278b10 JavaThread "jar transforms Thread 4"           [_thread_blocked, id=18180, stack(0x00000082e2900000,0x00000082e2a00000) (1024K)]
  0x0000018b630b75a0 JavaThread "jar transforms Thread 5"           [_thread_blocked, id=9948, stack(0x00000082e2a00000,0x00000082e2b00000) (1024K)]
  0x0000018b630b61f0 JavaThread "Unconstrained build operations Thread 9"        [_thread_blocked, id=13724, stack(0x00000082e2b00000,0x00000082e2c00000) (1024K)]
  0x0000018b630b5b60 JavaThread "Unconstrained build operations Thread 10"        [_thread_blocked, id=24636, stack(0x00000082e2c00000,0x00000082e2d00000) (1024K)]
  0x0000018b630b7c30 JavaThread "Unconstrained build operations Thread 11"        [_thread_blocked, id=12140, stack(0x00000082e2d00000,0x00000082e2e00000) (1024K)]
  0x0000018b630b4e40 JavaThread "Unconstrained build operations Thread 12"        [_thread_blocked, id=24008, stack(0x00000082e2e00000,0x00000082e2f00000) (1024K)]
  0x0000018b630b6880 JavaThread "jar transforms Thread 6"           [_thread_blocked, id=11856, stack(0x00000082e2f00000,0x00000082e3000000) (1024K)]
  0x0000018b630b6f10 JavaThread "jar transforms Thread 7"           [_thread_blocked, id=956, stack(0x00000082e3000000,0x00000082e3100000) (1024K)]
  0x0000018b630b47b0 JavaThread "jar transforms Thread 8"           [_thread_blocked, id=12948, stack(0x00000082e3100000,0x00000082e3200000) (1024K)]
  0x0000018b630b82c0 JavaThread "Unconstrained build operations Thread 13"        [_thread_blocked, id=36252, stack(0x00000082e3200000,0x00000082e3300000) (1024K)]
  0x0000018b630b54d0 JavaThread "Unconstrained build operations Thread 14"        [_thread_blocked, id=8780, stack(0x00000082e3300000,0x00000082e3400000) (1024K)]
  0x0000018b630baa20 JavaThread "Unconstrained build operations Thread 15"        [_thread_blocked, id=26528, stack(0x00000082e3400000,0x00000082e3500000) (1024K)]
  0x0000018b630b9d00 JavaThread "Unconstrained build operations Thread 16"        [_thread_blocked, id=36112, stack(0x00000082e3500000,0x00000082e3600000) (1024K)]
  0x0000018b630bb740 JavaThread "Unconstrained build operations Thread 17"        [_thread_blocked, id=36452, stack(0x00000082e3600000,0x00000082e3700000) (1024K)]
  0x0000018b630b9670 JavaThread "Unconstrained build operations Thread 18"        [_thread_blocked, id=29652, stack(0x00000082e3700000,0x00000082e3800000) (1024K)]
  0x0000018b630bbdd0 JavaThread "Unconstrained build operations Thread 19"        [_thread_blocked, id=37564, stack(0x00000082e3800000,0x00000082e3900000) (1024K)]
  0x0000018b630b8950 JavaThread "Unconstrained build operations Thread 20"        [_thread_blocked, id=35908, stack(0x00000082e3900000,0x00000082e3a00000) (1024K)]
  0x0000018b630b8fe0 JavaThread "Unconstrained build operations Thread 21"        [_thread_blocked, id=28732, stack(0x00000082e3a00000,0x00000082e3b00000) (1024K)]
  0x0000018b630bb0b0 JavaThread "Unconstrained build operations Thread 22"        [_thread_blocked, id=37404, stack(0x00000082e3b00000,0x00000082e3c00000) (1024K)]
  0x0000018b630ba390 JavaThread "Unconstrained build operations Thread 23"        [_thread_blocked, id=35992, stack(0x00000082e3c00000,0x00000082e3d00000) (1024K)]
  0x0000018b66444fc0 JavaThread "Unconstrained build operations Thread 24"        [_thread_blocked, id=34116, stack(0x00000082e3d00000,0x00000082e3e00000) (1024K)]
  0x0000018b66444930 JavaThread "Unconstrained build operations Thread 25"        [_thread_blocked, id=27384, stack(0x00000082e3e00000,0x00000082e3f00000) (1024K)]
  0x0000018b66442ef0 JavaThread "Unconstrained build operations Thread 26"        [_thread_blocked, id=36192, stack(0x00000082e3f00000,0x00000082e4000000) (1024K)]
  0x0000018b66445650 JavaThread "Unconstrained build operations Thread 27"        [_thread_blocked, id=37408, stack(0x00000082e4000000,0x00000082e4100000) (1024K)]
  0x0000018b66445ce0 JavaThread "Unconstrained build operations Thread 28"        [_thread_blocked, id=14572, stack(0x00000082e4100000,0x00000082e4200000) (1024K)]
  0x0000018b66443580 JavaThread "Unconstrained build operations Thread 29"        [_thread_blocked, id=16688, stack(0x00000082e4200000,0x00000082e4300000) (1024K)]
  0x0000018b664442a0 JavaThread "Unconstrained build operations Thread 30"        [_thread_blocked, id=15404, stack(0x00000082e4300000,0x00000082e4400000) (1024K)]
  0x0000018b66446370 JavaThread "Unconstrained build operations Thread 31"        [_thread_blocked, id=22032, stack(0x00000082e4400000,0x00000082e4500000) (1024K)]
  0x0000018b66446a00 JavaThread "Unconstrained build operations Thread 32"        [_thread_blocked, id=29548, stack(0x00000082e4500000,0x00000082e4600000) (1024K)]
  0x0000018b66447090 JavaThread "Unconstrained build operations Thread 33"        [_thread_blocked, id=35968, stack(0x00000082e4600000,0x00000082e4700000) (1024K)]
  0x0000018b66443c10 JavaThread "Unconstrained build operations Thread 34"        [_thread_blocked, id=37852, stack(0x00000082e4700000,0x00000082e4800000) (1024K)]
  0x0000018b66447db0 JavaThread "Unconstrained build operations Thread 35"        [_thread_blocked, id=32568, stack(0x00000082e4800000,0x00000082e4900000) (1024K)]
  0x0000018b66448440 JavaThread "Unconstrained build operations Thread 36"        [_thread_blocked, id=29984, stack(0x00000082e4900000,0x00000082e4a00000) (1024K)]
  0x0000018b66449160 JavaThread "Unconstrained build operations Thread 37"        [_thread_blocked, id=36200, stack(0x00000082e4a00000,0x00000082e4b00000) (1024K)]
  0x0000018b66448ad0 JavaThread "Unconstrained build operations Thread 38"        [_thread_blocked, id=22704, stack(0x00000082e4b00000,0x00000082e4c00000) (1024K)]
  0x0000018b66447720 JavaThread "Unconstrained build operations Thread 39"        [_thread_blocked, id=36372, stack(0x00000082e4c00000,0x00000082e4d00000) (1024K)]
  0x0000018b664497f0 JavaThread "Unconstrained build operations Thread 40"        [_thread_blocked, id=17376, stack(0x00000082e4d00000,0x00000082e4e00000) (1024K)]
  0x0000018b66449e80 JavaThread "Unconstrained build operations Thread 41"        [_thread_blocked, id=36980, stack(0x00000082e4e00000,0x00000082e4f00000) (1024K)]
  0x0000018b6644a510 JavaThread "Unconstrained build operations Thread 42"        [_thread_blocked, id=37136, stack(0x00000082e4f00000,0x00000082e5000000) (1024K)]
  0x0000018b665856d0 JavaThread "Unconstrained build operations Thread 43"        [_thread_blocked, id=19592, stack(0x00000082e5000000,0x00000082e5100000) (1024K)]
  0x0000018b66585040 JavaThread "Unconstrained build operations Thread 44"        [_thread_blocked, id=27020, stack(0x00000082e5100000,0x00000082e5200000) (1024K)]
  0x0000018b66588b50 JavaThread "Unconstrained build operations Thread 45"        [_thread_blocked, id=26584, stack(0x00000082e5200000,0x00000082e5300000) (1024K)]
  0x0000018b66586a80 JavaThread "Unconstrained build operations Thread 46"        [_thread_blocked, id=36412, stack(0x00000082e2800000,0x00000082e2900000) (1024K)]
  0x0000018b66585d60 JavaThread "Unconstrained build operations Thread 47"        [_thread_blocked, id=9772, stack(0x00000082e5300000,0x00000082e5400000) (1024K)]
  0x0000018b66587110 JavaThread "Unconstrained build operations Thread 48"        [_thread_blocked, id=26560, stack(0x00000082e5400000,0x00000082e5500000) (1024K)]
  0x0000018b66587e30 JavaThread "Unconstrained build operations Thread 49"        [_thread_blocked, id=34352, stack(0x00000082e5500000,0x00000082e5600000) (1024K)]
  0x0000018b665877a0 JavaThread "Unconstrained build operations Thread 50"        [_thread_blocked, id=6760, stack(0x00000082e5600000,0x00000082e5700000) (1024K)]
  0x0000018b66589870 JavaThread "Unconstrained build operations Thread 51"        [_thread_blocked, id=30548, stack(0x00000082e5700000,0x00000082e5800000) (1024K)]
  0x0000018b665884c0 JavaThread "Unconstrained build operations Thread 52"        [_thread_blocked, id=2620, stack(0x00000082e5800000,0x00000082e5900000) (1024K)]
  0x0000018b665863f0 JavaThread "Unconstrained build operations Thread 53"        [_thread_blocked, id=33764, stack(0x00000082e5900000,0x00000082e5a00000) (1024K)]
  0x0000018b6658c660 JavaThread "Unconstrained build operations Thread 54"        [_thread_blocked, id=9096, stack(0x00000082e5a00000,0x00000082e5b00000) (1024K)]
  0x0000018b66589f00 JavaThread "Unconstrained build operations Thread 55"        [_thread_blocked, id=17772, stack(0x00000082e5b00000,0x00000082e5c00000) (1024K)]
  0x0000018b6658ac20 JavaThread "Unconstrained build operations Thread 56"        [_thread_blocked, id=36772, stack(0x00000082e5c00000,0x00000082e5d00000) (1024K)]
  0x0000018b6658a590 JavaThread "Unconstrained build operations Thread 57"        [_thread_blocked, id=34420, stack(0x00000082e5d00000,0x00000082e5e00000) (1024K)]
  0x0000018b6658b940 JavaThread "Unconstrained build operations Thread 58"        [_thread_blocked, id=31508, stack(0x00000082e5e00000,0x00000082e5f00000) (1024K)]
  0x0000018b6658b2b0 JavaThread "Unconstrained build operations Thread 59"        [_thread_blocked, id=31872, stack(0x00000082e5f00000,0x00000082e6000000) (1024K)]
  0x0000018b6658bfd0 JavaThread "Unconstrained build operations Thread 60"        [_thread_blocked, id=37676, stack(0x00000082e6000000,0x00000082e6100000) (1024K)]
  0x0000018b66c6d2f0 JavaThread "Unconstrained build operations Thread 61"        [_thread_blocked, id=36392, stack(0x00000082e6100000,0x00000082e6200000) (1024K)]
  0x0000018b66c6a500 JavaThread "Unconstrained build operations Thread 62"        [_thread_blocked, id=37760, stack(0x00000082e6200000,0x00000082e6300000) (1024K)]
  0x0000018b66c6bf40 JavaThread "Unconstrained build operations Thread 63"        [_thread_blocked, id=37476, stack(0x00000082e6300000,0x00000082e6400000) (1024K)]
  0x0000018b66c6b220 JavaThread "Unconstrained build operations Thread 64"        [_thread_blocked, id=34704, stack(0x00000082e6400000,0x00000082e6500000) (1024K)]
  0x0000018b66c6cc60 JavaThread "Unconstrained build operations Thread 65"        [_thread_blocked, id=18412, stack(0x00000082e6500000,0x00000082e6600000) (1024K)]
  0x0000018b66c6ab90 JavaThread "Unconstrained build operations Thread 66"        [_thread_blocked, id=37044, stack(0x00000082e6600000,0x00000082e6700000) (1024K)]
  0x0000018b66c69e70 JavaThread "Unconstrained build operations Thread 67"        [_thread_blocked, id=37744, stack(0x00000082e6700000,0x00000082e6800000) (1024K)]
  0x0000018b66c6b8b0 JavaThread "Unconstrained build operations Thread 68"        [_thread_blocked, id=32848, stack(0x00000082e6800000,0x00000082e6900000) (1024K)]
  0x0000018b66c6e6a0 JavaThread "Unconstrained build operations Thread 69"        [_thread_blocked, id=29608, stack(0x00000082e6900000,0x00000082e6a00000) (1024K)]
  0x0000018b66c6f3c0 JavaThread "Unconstrained build operations Thread 70"        [_thread_blocked, id=35884, stack(0x00000082e6a00000,0x00000082e6b00000) (1024K)]
  0x0000018b66c6d980 JavaThread "Unconstrained build operations Thread 71"        [_thread_blocked, id=34096, stack(0x00000082e6b00000,0x00000082e6c00000) (1024K)]
  0x0000018b66c6fa50 JavaThread "Unconstrained build operations Thread 72"        [_thread_blocked, id=392, stack(0x00000082e6c00000,0x00000082e6d00000) (1024K)]
  0x0000018b66c6e010 JavaThread "Unconstrained build operations Thread 73"        [_thread_blocked, id=34060, stack(0x00000082e6d00000,0x00000082e6e00000) (1024K)]
  0x0000018b66c6ed30 JavaThread "Unconstrained build operations Thread 74"        [_thread_blocked, id=26084, stack(0x00000082e6e00000,0x00000082e6f00000) (1024K)]
  0x0000018b66c6c5d0 JavaThread "Unconstrained build operations Thread 75"        [_thread_blocked, id=37440, stack(0x00000082e6f00000,0x00000082e7000000) (1024K)]
  0x0000018b66c70e00 JavaThread "Unconstrained build operations Thread 76"        [_thread_blocked, id=31436, stack(0x00000082e7000000,0x00000082e7100000) (1024K)]
  0x0000018b66c700e0 JavaThread "Problems report writer"            [_thread_blocked, id=36428, stack(0x00000082e7100000,0x00000082e7200000) (1024K)]
  0x0000018b66c70770 JavaThread "build event listener"              [_thread_blocked, id=33196, stack(0x00000082e7200000,0x00000082e7300000) (1024K)]
  0x0000018b66c71490 JavaThread "Memory manager"                    [_thread_blocked, id=11208, stack(0x00000082e7400000,0x00000082e7500000) (1024K)]
  0x0000018b67adb5e0 JavaThread "build event listener"              [_thread_blocked, id=36384, stack(0x00000082e7500000,0x00000082e7600000) (1024K)]
  0x0000018b6f378020 JavaThread "included builds"                   [_thread_blocked, id=15812, stack(0x00000082e7700000,0x00000082e7800000) (1024K)]
  0x0000018b6f377300 JavaThread "Execution worker"                  [_thread_blocked, id=32424, stack(0x00000082e7800000,0x00000082e7900000) (1024K)]
  0x0000018b6f375230 JavaThread "Execution worker Thread 2"         [_thread_blocked, id=37320, stack(0x00000082e7900000,0x00000082e7a00000) (1024K)]
  0x0000018b6f3793d0 JavaThread "Execution worker Thread 3"         [_thread_blocked, id=11168, stack(0x00000082e7a00000,0x00000082e7b00000) (1024K)]
  0x0000018b6f3786b0 JavaThread "Execution worker Thread 4"         [_thread_blocked, id=34128, stack(0x00000082e7b00000,0x00000082e7c00000) (1024K)]
  0x0000018b6f37ae10 JavaThread "Execution worker Thread 5"         [_thread_blocked, id=15836, stack(0x00000082e7c00000,0x00000082e7d00000) (1024K)]
  0x0000018b6f378d40 JavaThread "Execution worker Thread 6"         [_thread_blocked, id=36336, stack(0x00000082e7d00000,0x00000082e7e00000) (1024K)]
  0x0000018b6f379a60 JavaThread "Execution worker Thread 7"         [_thread_blocked, id=34616, stack(0x00000082e7e00000,0x00000082e7f00000) (1024K)]
  0x0000018b6f37a780 JavaThread "Execution worker Thread 8"         [_thread_blocked, id=23704, stack(0x00000082e7f00000,0x00000082e8000000) (1024K)]
  0x0000018b6f37a0f0 JavaThread "Execution worker Thread 9"         [_thread_blocked, id=27220, stack(0x00000082e8000000,0x00000082e8100000) (1024K)]
  0x0000018b652cb570 JavaThread "Execution worker Thread 10"        [_thread_blocked, id=36424, stack(0x00000082e8100000,0x00000082e8200000) (1024K)]
  0x0000018b652ce9f0 JavaThread "Execution worker Thread 11"        [_thread_blocked, id=35828, stack(0x00000082e8200000,0x00000082e8300000) (1024K)]
  0x0000018b652cf080 JavaThread "Cache worker for execution history cache (C:\Users\HP\Pictures\PruebaFastApi\PruebaFastApi\.gradle\8.13\executionHistory)"        [_thread_blocked, id=37128, stack(0x00000082e8300000,0x00000082e8400000) (1024K)]
  0x0000018b652d17e0 JavaThread "Unconstrained build operations Thread 77"        [_thread_blocked, id=36108, stack(0x00000082e8400000,0x00000082e8500000) (1024K)]
  0x0000018b652cfda0 JavaThread "Unconstrained build operations Thread 78"        [_thread_blocked, id=33484, stack(0x00000082e8500000,0x00000082e8600000) (1024K)]
  0x0000018b652d1e70 JavaThread "Unconstrained build operations Thread 79"        [_thread_blocked, id=37088, stack(0x00000082e8600000,0x00000082e8700000) (1024K)]
  0x0000018b652d0ac0 JavaThread "Unconstrained build operations Thread 80"        [_thread_blocked, id=28320, stack(0x00000082e8700000,0x00000082e8800000) (1024K)]
  0x0000018b652d0430 JavaThread "Unconstrained build operations Thread 81"        [_thread_blocked, id=33960, stack(0x00000082e8800000,0x00000082e8900000) (1024K)]
  0x0000018b652d2500 JavaThread "Unconstrained build operations Thread 82"        [_thread_blocked, id=22244, stack(0x00000082e8900000,0x00000082e8a00000) (1024K)]
  0x0000018b652cf710 JavaThread "Unconstrained build operations Thread 83"        [_thread_blocked, id=35896, stack(0x00000082e8a00000,0x00000082e8b00000) (1024K)]
  0x0000018b67ad9ba0 JavaThread "Unconstrained build operations Thread 84"        [_thread_blocked, id=24016, stack(0x00000082e8b00000,0x00000082e8c00000) (1024K)]
  0x0000018b67add6b0 JavaThread "Unconstrained build operations Thread 85"        [_thread_blocked, id=21176, stack(0x00000082e8c00000,0x00000082e8d00000) (1024K)]
  0x0000018b67ada230 JavaThread "Unconstrained build operations Thread 86"        [_thread_blocked, id=32892, stack(0x00000082e8d00000,0x00000082e8e00000) (1024K)]
  0x0000018b67addd40 JavaThread "Unconstrained build operations Thread 87"        [_thread_blocked, id=26220, stack(0x00000082e8e00000,0x00000082e8f00000) (1024K)]
  0x0000018b67ae0b30 JavaThread "Unconstrained build operations Thread 88"        [_thread_blocked, id=20820, stack(0x00000082e8f00000,0x00000082e9000000) (1024K)]
  0x0000018b67adea60 JavaThread "Unconstrained build operations Thread 89"        [_thread_blocked, id=37168, stack(0x00000082e9000000,0x00000082e9100000) (1024K)]
  0x0000018b67adf780 JavaThread "Unconstrained build operations Thread 90"        [_thread_blocked, id=34328, stack(0x00000082e9100000,0x00000082e9200000) (1024K)]
  0x0000018b67adf0f0 JavaThread "Unconstrained build operations Thread 91"        [_thread_blocked, id=18316, stack(0x00000082e9200000,0x00000082e9300000) (1024K)]
  0x0000018b67adfe10 JavaThread "Unconstrained build operations Thread 92"        [_thread_blocked, id=36732, stack(0x00000082e9300000,0x00000082e9400000) (1024K)]
  0x0000018b665891e0 JavaThread "Unconstrained build operations Thread 93"        [_thread_blocked, id=34968, stack(0x00000082e9400000,0x00000082e9500000) (1024K)]
  0x0000018b672d3ad0 JavaThread "Unconstrained build operations Thread 94"        [_thread_blocked, id=36972, stack(0x00000082e9500000,0x00000082e9600000) (1024K)]
  0x0000018b672d4160 JavaThread "Unconstrained build operations Thread 95"        [_thread_blocked, id=36736, stack(0x00000082e9600000,0x00000082e9700000) (1024K)]
  0x0000018b672d2720 JavaThread "Unconstrained build operations Thread 96"        [_thread_blocked, id=37384, stack(0x00000082e9700000,0x00000082e9800000) (1024K)]
  0x0000018b672d0ce0 JavaThread "Unconstrained build operations Thread 97"        [_thread_blocked, id=12876, stack(0x00000082e9800000,0x00000082e9900000) (1024K)]
  0x0000018b672d47f0 JavaThread "Unconstrained build operations Thread 98"        [_thread_blocked, id=6360, stack(0x00000082e9900000,0x00000082e9a00000) (1024K)]
  0x0000018b672d3440 JavaThread "Unconstrained build operations Thread 99"        [_thread_blocked, id=36600, stack(0x00000082e9a00000,0x00000082e9b00000) (1024K)]
  0x0000018b672d2db0 JavaThread "Unconstrained build operations Thread 100"        [_thread_blocked, id=14940, stack(0x00000082e9b00000,0x00000082e9c00000) (1024K)]
  0x0000018b672d1370 JavaThread "Unconstrained build operations Thread 101"        [_thread_blocked, id=37712, stack(0x00000082e9c00000,0x00000082e9d00000) (1024K)]
  0x0000018b672d4e80 JavaThread "Unconstrained build operations Thread 102"        [_thread_blocked, id=35196, stack(0x00000082e9d00000,0x00000082e9e00000) (1024K)]
  0x0000018b672d1a00 JavaThread "Unconstrained build operations Thread 103"        [_thread_blocked, id=33644, stack(0x00000082e9e00000,0x00000082e9f00000) (1024K)]
  0x0000018b672d8300 JavaThread "Unconstrained build operations Thread 104"        [_thread_blocked, id=31808, stack(0x00000082e9f00000,0x00000082ea000000) (1024K)]
  0x0000018b672d6f50 JavaThread "Unconstrained build operations Thread 105"        [_thread_blocked, id=25572, stack(0x00000082ea000000,0x00000082ea100000) (1024K)]
  0x0000018b672d5ba0 JavaThread "Unconstrained build operations Thread 106"        [_thread_blocked, id=4956, stack(0x00000082ea100000,0x00000082ea200000) (1024K)]
  0x0000018b672d5510 JavaThread "Unconstrained build operations Thread 107"        [_thread_blocked, id=36572, stack(0x00000082ea200000,0x00000082ea300000) (1024K)]
  0x0000018b672d6230 JavaThread "Unconstrained build operations Thread 108"        [_thread_blocked, id=35824, stack(0x00000082ea300000,0x00000082ea400000) (1024K)]
  0x0000018b672d75e0 JavaThread "Unconstrained build operations Thread 109"        [_thread_blocked, id=29500, stack(0x00000082ea400000,0x00000082ea500000) (1024K)]
  0x0000018b672d68c0 JavaThread "Unconstrained build operations Thread 110"        [_thread_blocked, id=33500, stack(0x00000082ea500000,0x00000082ea600000) (1024K)]
  0x0000018b672d7c70 JavaThread "Unconstrained build operations Thread 111"        [_thread_blocked, id=28924, stack(0x00000082ea600000,0x00000082ea700000) (1024K)]
  0x0000018b672fb450 JavaThread "Unconstrained build operations Thread 112"        [_thread_blocked, id=28848, stack(0x00000082ea700000,0x00000082ea800000) (1024K)]
  0x0000018b672fa730 JavaThread "Unconstrained build operations Thread 113"        [_thread_blocked, id=36976, stack(0x00000082ea800000,0x00000082ea900000) (1024K)]
  0x0000018b672f9380 JavaThread "Unconstrained build operations Thread 114"        [_thread_blocked, id=22828, stack(0x00000082ea900000,0x00000082eaa00000) (1024K)]
  0x0000018b672f9a10 JavaThread "Unconstrained build operations Thread 115"        [_thread_blocked, id=37248, stack(0x00000082eaa00000,0x00000082eab00000) (1024K)]
  0x0000018b672fa0a0 JavaThread "Unconstrained build operations Thread 116"        [_thread_blocked, id=33168, stack(0x00000082eab00000,0x00000082eac00000) (1024K)]
  0x0000018b672fadc0 JavaThread "Unconstrained build operations Thread 117"        [_thread_blocked, id=35160, stack(0x00000082eac00000,0x00000082ead00000) (1024K)]
  0x0000018b672fbae0 JavaThread "Unconstrained build operations Thread 118"        [_thread_blocked, id=35900, stack(0x00000082ead00000,0x00000082eae00000) (1024K)]
  0x0000018b672fc170 JavaThread "Unconstrained build operations Thread 119"        [_thread_blocked, id=37436, stack(0x00000082eae00000,0x00000082eaf00000) (1024K)]
  0x0000018b672f8cf0 JavaThread "Unconstrained build operations Thread 120"        [_thread_blocked, id=11828, stack(0x00000082eaf00000,0x00000082eb000000) (1024K)]
  0x0000018b66be4020 JavaThread "WorkerExecutor Queue"              [_thread_in_native, id=21332, stack(0x00000082e7600000,0x00000082e7700000) (1024K)]
  0x0000018b672fc800 JavaThread "RMI Scheduler(0)"           daemon [_thread_blocked, id=36216, stack(0x00000082e7300000,0x00000082e7400000) (1024K)]
  0x0000018b672fe8d0 JavaThread "RMI RenewClean-[127.0.0.1:17216,org.jetbrains.kotlin.daemon.common.LoopbackNetworkInterface$ClientLoopbackSocketFactory@48809f6a]" daemon [_thread_blocked, id=36644, stack(0x00000082eb000000,0x00000082eb100000) (1024K)]
  0x0000018b672fdbb0 JavaThread "RMI GC Daemon"              daemon [_thread_blocked, id=27960, stack(0x00000082eb100000,0x00000082eb200000) (1024K)]
  0x0000018b67300310 JavaThread "RMI TCP Accept-0"           daemon [_thread_in_native, id=23220, stack(0x00000082eb200000,0x00000082eb300000) (1024K)]
  0x0000018b672fe240 JavaThread "RMI Reaper"                        [_thread_blocked, id=21844, stack(0x00000082eb300000,0x00000082eb400000) (1024K)]
  0x0000018b672fce90 JavaThread "RMI TCP Connection(idle)"   daemon [_thread_blocked, id=19072, stack(0x00000082eb400000,0x00000082eb500000) (1024K)]
Total: 184

Other Threads:
  0x0000018b5e9471c0 VMThread "VM Thread"                           [id=37844, stack(0x00000082df200000,0x00000082df300000) (1024K)]
  0x0000018b5e77cb80 WatcherThread "VM Periodic Task Thread"        [id=31932, stack(0x00000082df100000,0x00000082df200000) (1024K)]
  0x0000018b44e18320 WorkerThread "GC Thread#0"                     [id=21832, stack(0x00000082dec00000,0x00000082ded00000) (1024K)]
  0x0000018b6319e490 WorkerThread "GC Thread#1"                     [id=36576, stack(0x00000082dff00000,0x00000082e0000000) (1024K)]
  0x0000018b6345b5c0 WorkerThread "GC Thread#2"                     [id=36232, stack(0x00000082e0000000,0x00000082e0100000) (1024K)]
  0x0000018b63ea7f70 WorkerThread "GC Thread#3"                     [id=6908, stack(0x00000082dfe00000,0x00000082dff00000) (1024K)]
  0x0000018b6348e700 WorkerThread "GC Thread#4"                     [id=35248, stack(0x00000082e0100000,0x00000082e0200000) (1024K)]
  0x0000018b63c48200 WorkerThread "GC Thread#5"                     [id=29668, stack(0x00000082e0200000,0x00000082e0300000) (1024K)]
  0x0000018b64d61480 WorkerThread "GC Thread#6"                     [id=32248, stack(0x00000082e0c00000,0x00000082e0d00000) (1024K)]
  0x0000018b64d61820 WorkerThread "GC Thread#7"                     [id=35560, stack(0x00000082e0d00000,0x00000082e0e00000) (1024K)]
  0x0000018b64d61bc0 WorkerThread "GC Thread#8"                     [id=30068, stack(0x00000082e0e00000,0x00000082e0f00000) (1024K)]
  0x0000018b64d62b70 WorkerThread "GC Thread#9"                     [id=37500, stack(0x00000082e0f00000,0x00000082e1000000) (1024K)]
  0x0000018b44e67b80 ConcurrentGCThread "G1 Main Marker"            [id=37192, stack(0x00000082ded00000,0x00000082dee00000) (1024K)]
  0x0000018b44e68590 WorkerThread "G1 Conc#0"                       [id=37112, stack(0x00000082dee00000,0x00000082def00000) (1024K)]
  0x0000018b64d87950 WorkerThread "G1 Conc#1"                       [id=25616, stack(0x00000082e1000000,0x00000082e1100000) (1024K)]
  0x0000018b64d86e70 WorkerThread "G1 Conc#2"                       [id=28392, stack(0x00000082e1100000,0x00000082e1200000) (1024K)]
  0x0000018b5e64e6e0 ConcurrentGCThread "G1 Refine#0"               [id=37788, stack(0x00000082def00000,0x00000082df000000) (1024K)]
  0x0000018b5e64ef00 ConcurrentGCThread "G1 Service"                [id=37728, stack(0x00000082df000000,0x00000082df100000) (1024K)]
Total: 18

Threads with active compile tasks:
C2 CompilerThread0  116259 15879 %     4       javax.management.ObjectName::construct @ 822 (1135 bytes)
Total: 1

VM state: not at safepoint (normal execution)

VM Mutex/Monitor currently owned by a thread: None

Heap address: 0x0000000080000000, size: 2048 MB, Compressed Oops mode: 32-bit

CDS archive(s) not mapped
Compressed class space mapped at: 0x0000000100000000-0x0000000140000000, reserved size: 1073741824
Narrow klass base: 0x0000000000000000, Narrow klass shift: 3, Narrow klass range: 0x140000000

GC Precious Log:
 CardTable entry size: 512
 Card Set container configuration: InlinePtr #cards 5 size 8 Array Of Cards #cards 12 size 40 Howl #buckets 4 coarsen threshold 1843 Howl Bitmap #cards 512 size 80 coarsen threshold 460 Card regions per heap region 1 cards per card region 2048
 CPUs: 12 total, 12 available
 Memory: 7381M
 Large Page Support: Disabled
 NUMA Support: Disabled
 Compressed Oops: Enabled (32-bit)
 Heap Region Size: 1M
 Heap Min Capacity: 8M
 Heap Initial Capacity: 116M
 Heap Max Capacity: 2G
 Pre-touch: Disabled
 Parallel Workers: 10
 Concurrent Workers: 3
 Concurrent Refinement Workers: 10
 Periodic GC: Disabled

Heap:
 garbage-first heap   total 232448K, used 161598K [0x0000000080000000, 0x0000000100000000)
  region size 1024K, 29 young (29696K), 6 survivors (6144K)
 Metaspace       used 121669K, committed 124096K, reserved 1179648K
  class space    used 16573K, committed 17792K, reserved 1048576K

Heap Regions: E=young(eden), S=young(survivor), O=old, HS=humongous(starts), HC=humongous(continues), CS=collection set, F=free, TAMS=top-at-mark-start, PB=parsable bottom
|   0|0x0000000080000000, 0x0000000080100000, 0x0000000080100000|100%|HS|  |TAMS 0x0000000080000000| PB 0x0000000080000000| Complete 
|   1|0x0000000080100000, 0x0000000080200000, 0x0000000080200000|100%|HC|  |TAMS 0x0000000080100000| PB 0x0000000080100000| Complete 
|   2|0x0000000080200000, 0x0000000080300000, 0x0000000080300000|100%|HC|  |TAMS 0x0000000080200000| PB 0x0000000080200000| Complete 
|   3|0x0000000080300000, 0x0000000080400000, 0x0000000080400000|100%| O|  |TAMS 0x0000000080300000| PB 0x0000000080300000| Untracked 
|   4|0x0000000080400000, 0x0000000080500000, 0x0000000080500000|100%| O|  |TAMS 0x0000000080400000| PB 0x0000000080400000| Untracked 
|   5|0x0000000080500000, 0x0000000080600000, 0x0000000080600000|100%| O|  |TAMS 0x0000000080500000| PB 0x0000000080500000| Untracked 
|   6|0x0000000080600000, 0x0000000080700000, 0x0000000080700000|100%|HS|  |TAMS 0x0000000080600000| PB 0x0000000080600000| Complete 
|   7|0x0000000080700000, 0x0000000080800000, 0x0000000080800000|100%| O|  |TAMS 0x0000000080700000| PB 0x0000000080700000| Untracked 
|   8|0x0000000080800000, 0x0000000080900000, 0x0000000080900000|100%| O|  |TAMS 0x0000000080800000| PB 0x0000000080800000| Untracked 
|   9|0x0000000080900000, 0x0000000080a00000, 0x0000000080a00000|100%| O|  |TAMS 0x0000000080900000| PB 0x0000000080900000| Untracked 
|  10|0x0000000080a00000, 0x0000000080b00000, 0x0000000080b00000|100%| O|  |TAMS 0x0000000080a00000| PB 0x0000000080a00000| Untracked 
|  11|0x0000000080b00000, 0x0000000080c00000, 0x0000000080c00000|100%| O|  |TAMS 0x0000000080b00000| PB 0x0000000080b00000| Untracked 
|  12|0x0000000080c00000, 0x0000000080d00000, 0x0000000080d00000|100%| O|  |TAMS 0x0000000080c00000| PB 0x0000000080c00000| Untracked 
|  13|0x0000000080d00000, 0x0000000080e00000, 0x0000000080e00000|100%| O|  |TAMS 0x0000000080d00000| PB 0x0000000080d00000| Untracked 
|  14|0x0000000080e00000, 0x0000000080f00000, 0x0000000080f00000|100%| O|  |TAMS 0x0000000080e00000| PB 0x0000000080e00000| Untracked 
|  15|0x0000000080f00000, 0x0000000081000000, 0x0000000081000000|100%| O|  |TAMS 0x0000000080f00000| PB 0x0000000080f00000| Untracked 
|  16|0x0000000081000000, 0x0000000081100000, 0x0000000081100000|100%| O|  |TAMS 0x0000000081000000| PB 0x0000000081000000| Untracked 
|  17|0x0000000081100000, 0x0000000081200000, 0x0000000081200000|100%| O|  |TAMS 0x0000000081100000| PB 0x0000000081100000| Untracked 
|  18|0x0000000081200000, 0x0000000081300000, 0x0000000081300000|100%| O|  |TAMS 0x0000000081200000| PB 0x0000000081200000| Untracked 
|  19|0x0000000081300000, 0x0000000081400000, 0x0000000081400000|100%| O|  |TAMS 0x0000000081300000| PB 0x0000000081300000| Untracked 
|  20|0x0000000081400000, 0x0000000081500000, 0x0000000081500000|100%| O|  |TAMS 0x0000000081400000| PB 0x0000000081400000| Untracked 
|  21|0x0000000081500000, 0x0000000081600000, 0x0000000081600000|100%| O|Cm|TAMS 0x0000000081500000| PB 0x0000000081500000| Complete 
|  22|0x0000000081600000, 0x0000000081700000, 0x0000000081700000|100%| O|  |TAMS 0x0000000081600000| PB 0x0000000081600000| Untracked 
|  23|0x0000000081700000, 0x0000000081800000, 0x0000000081800000|100%| O|  |TAMS 0x0000000081700000| PB 0x0000000081700000| Untracked 
|  24|0x0000000081800000, 0x0000000081900000, 0x0000000081900000|100%| O|  |TAMS 0x0000000081800000| PB 0x0000000081800000| Untracked 
|  25|0x0000000081900000, 0x0000000081a00000, 0x0000000081a00000|100%| O|  |TAMS 0x0000000081900000| PB 0x0000000081900000| Untracked 
|  26|0x0000000081a00000, 0x0000000081b00000, 0x0000000081b00000|100%| O|  |TAMS 0x0000000081a00000| PB 0x0000000081a00000| Untracked 
|  27|0x0000000081b00000, 0x0000000081c00000, 0x0000000081c00000|100%| O|  |TAMS 0x0000000081b00000| PB 0x0000000081b00000| Untracked 
|  28|0x0000000081c00000, 0x0000000081d00000, 0x0000000081d00000|100%| O|  |TAMS 0x0000000081c00000| PB 0x0000000081c00000| Untracked 
|  29|0x0000000081d00000, 0x0000000081e00000, 0x0000000081e00000|100%| O|  |TAMS 0x0000000081d00000| PB 0x0000000081d00000| Untracked 
|  30|0x0000000081e00000, 0x0000000081f00000, 0x0000000081f00000|100%|HS|  |TAMS 0x0000000081e00000| PB 0x0000000081e00000| Complete 
|  31|0x0000000081f00000, 0x0000000082000000, 0x0000000082000000|100%| O|  |TAMS 0x0000000081f00000| PB 0x0000000081f00000| Untracked 
|  32|0x0000000082000000, 0x0000000082100000, 0x0000000082100000|100%| O|  |TAMS 0x0000000082000000| PB 0x0000000082000000| Untracked 
|  33|0x0000000082100000, 0x0000000082200000, 0x0000000082200000|100%| O|  |TAMS 0x0000000082100000| PB 0x0000000082100000| Untracked 
|  34|0x0000000082200000, 0x0000000082300000, 0x0000000082300000|100%| O|  |TAMS 0x0000000082200000| PB 0x0000000082200000| Untracked 
|  35|0x0000000082300000, 0x0000000082400000, 0x0000000082400000|100%|HS|  |TAMS 0x0000000082300000| PB 0x0000000082300000| Complete 
|  36|0x0000000082400000, 0x0000000082500000, 0x0000000082500000|100%| O|  |TAMS 0x0000000082400000| PB 0x0000000082400000| Untracked 
|  37|0x0000000082500000, 0x0000000082600000, 0x0000000082600000|100%| O|  |TAMS 0x0000000082500000| PB 0x0000000082500000| Untracked 
|  38|0x0000000082600000, 0x0000000082700000, 0x0000000082700000|100%| O|  |TAMS 0x0000000082600000| PB 0x0000000082600000| Untracked 
|  39|0x0000000082700000, 0x0000000082800000, 0x0000000082800000|100%| O|  |TAMS 0x0000000082700000| PB 0x0000000082700000| Untracked 
|  40|0x0000000082800000, 0x0000000082900000, 0x0000000082900000|100%| O|  |TAMS 0x0000000082800000| PB 0x0000000082800000| Untracked 
|  41|0x0000000082900000, 0x0000000082a00000, 0x0000000082a00000|100%| O|  |TAMS 0x0000000082900000| PB 0x0000000082900000| Untracked 
|  42|0x0000000082a00000, 0x0000000082b00000, 0x0000000082b00000|100%| O|  |TAMS 0x0000000082a00000| PB 0x0000000082a00000| Untracked 
|  43|0x0000000082b00000, 0x0000000082c00000, 0x0000000082c00000|100%| O|  |TAMS 0x0000000082b00000| PB 0x0000000082b00000| Untracked 
|  44|0x0000000082c00000, 0x0000000082d00000, 0x0000000082d00000|100%| O|  |TAMS 0x0000000082c00000| PB 0x0000000082c00000| Untracked 
|  45|0x0000000082d00000, 0x0000000082e00000, 0x0000000082e00000|100%| O|  |TAMS 0x0000000082d00000| PB 0x0000000082d00000| Untracked 
|  46|0x0000000082e00000, 0x0000000082f00000, 0x0000000082f00000|100%|HS|  |TAMS 0x0000000082e00000| PB 0x0000000082e00000| Complete 
|  47|0x0000000082f00000, 0x0000000083000000, 0x0000000083000000|100%|HC|  |TAMS 0x0000000082f00000| PB 0x0000000082f00000| Complete 
|  48|0x0000000083000000, 0x0000000083100000, 0x0000000083100000|100%| O|  |TAMS 0x0000000083000000| PB 0x0000000083000000| Untracked 
|  49|0x0000000083100000, 0x0000000083200000, 0x0000000083200000|100%| O|  |TAMS 0x0000000083100000| PB 0x0000000083100000| Untracked 
|  50|0x0000000083200000, 0x0000000083300000, 0x0000000083300000|100%| O|  |TAMS 0x0000000083200000| PB 0x0000000083200000| Untracked 
|  51|0x0000000083300000, 0x0000000083400000, 0x0000000083400000|100%|HS|  |TAMS 0x0000000083300000| PB 0x0000000083300000| Complete 
|  52|0x0000000083400000, 0x0000000083500000, 0x0000000083500000|100%|HS|  |TAMS 0x0000000083400000| PB 0x0000000083400000| Complete 
|  53|0x0000000083500000, 0x0000000083600000, 0x0000000083600000|100%| O|  |TAMS 0x0000000083500000| PB 0x0000000083500000| Untracked 
|  54|0x0000000083600000, 0x0000000083700000, 0x0000000083700000|100%|HS|  |TAMS 0x0000000083600000| PB 0x0000000083600000| Complete 
|  55|0x0000000083700000, 0x0000000083800000, 0x0000000083800000|100%|HC|  |TAMS 0x0000000083700000| PB 0x0000000083700000| Complete 
|  56|0x0000000083800000, 0x0000000083900000, 0x0000000083900000|100%| O|  |TAMS 0x0000000083800000| PB 0x0000000083800000| Untracked 
|  57|0x0000000083900000, 0x0000000083a00000, 0x0000000083a00000|100%| O|  |TAMS 0x0000000083900000| PB 0x0000000083900000| Untracked 
|  58|0x0000000083a00000, 0x0000000083b00000, 0x0000000083b00000|100%| O|  |TAMS 0x0000000083a00000| PB 0x0000000083a00000| Untracked 
|  59|0x0000000083b00000, 0x0000000083c00000, 0x0000000083c00000|100%|HS|  |TAMS 0x0000000083b00000| PB 0x0000000083b00000| Complete 
|  60|0x0000000083c00000, 0x0000000083d00000, 0x0000000083d00000|100%|HC|  |TAMS 0x0000000083c00000| PB 0x0000000083c00000| Complete 
|  61|0x0000000083d00000, 0x0000000083e00000, 0x0000000083e00000|100%|HC|  |TAMS 0x0000000083d00000| PB 0x0000000083d00000| Complete 
|  62|0x0000000083e00000, 0x0000000083f00000, 0x0000000083f00000|100%| O|  |TAMS 0x0000000083e00000| PB 0x0000000083e00000| Untracked 
|  63|0x0000000083f00000, 0x0000000084000000, 0x0000000084000000|100%| O|  |TAMS 0x0000000083f00000| PB 0x0000000083f00000| Untracked 
|  64|0x0000000084000000, 0x0000000084100000, 0x0000000084100000|100%| O|  |TAMS 0x0000000084000000| PB 0x0000000084000000| Untracked 
|  65|0x0000000084100000, 0x0000000084200000, 0x0000000084200000|100%| O|  |TAMS 0x0000000084100000| PB 0x0000000084100000| Untracked 
|  66|0x0000000084200000, 0x0000000084300000, 0x0000000084300000|100%| O|  |TAMS 0x0000000084200000| PB 0x0000000084200000| Untracked 
|  67|0x0000000084300000, 0x0000000084400000, 0x0000000084400000|100%| O|  |TAMS 0x0000000084300000| PB 0x0000000084300000| Untracked 
|  68|0x0000000084400000, 0x0000000084500000, 0x0000000084500000|100%| O|  |TAMS 0x0000000084400000| PB 0x0000000084400000| Untracked 
|  69|0x0000000084500000, 0x0000000084600000, 0x0000000084600000|100%| O|  |TAMS 0x0000000084500000| PB 0x0000000084500000| Untracked 
|  70|0x0000000084600000, 0x0000000084700000, 0x0000000084700000|100%| O|  |TAMS 0x0000000084600000| PB 0x0000000084600000| Untracked 
|  71|0x0000000084700000, 0x0000000084800000, 0x0000000084800000|100%| O|  |TAMS 0x0000000084700000| PB 0x0000000084700000| Untracked 
|  72|0x0000000084800000, 0x0000000084900000, 0x0000000084900000|100%| O|  |TAMS 0x0000000084800000| PB 0x0000000084800000| Untracked 
|  73|0x0000000084900000, 0x0000000084a00000, 0x0000000084a00000|100%| O|  |TAMS 0x0000000084900000| PB 0x0000000084900000| Untracked 
|  74|0x0000000084a00000, 0x0000000084b00000, 0x0000000084b00000|100%|HS|  |TAMS 0x0000000084a00000| PB 0x0000000084a00000| Complete 
|  75|0x0000000084b00000, 0x0000000084c00000, 0x0000000084c00000|100%|HC|  |TAMS 0x0000000084b00000| PB 0x0000000084b00000| Complete 
|  76|0x0000000084c00000, 0x0000000084d00000, 0x0000000084d00000|100%|HC|  |TAMS 0x0000000084c00000| PB 0x0000000084c00000| Complete 
|  77|0x0000000084d00000, 0x0000000084e00000, 0x0000000084e00000|100%| O|  |TAMS 0x0000000084d00000| PB 0x0000000084d00000| Untracked 
|  78|0x0000000084e00000, 0x0000000084f00000, 0x0000000084f00000|100%| O|  |TAMS 0x0000000084e00000| PB 0x0000000084e00000| Untracked 
|  79|0x0000000084f00000, 0x0000000085000000, 0x0000000085000000|100%| O|  |TAMS 0x0000000084f00000| PB 0x0000000084f00000| Untracked 
|  80|0x0000000085000000, 0x0000000085100000, 0x0000000085100000|100%| O|  |TAMS 0x0000000085000000| PB 0x0000000085000000| Untracked 
|  81|0x0000000085100000, 0x0000000085200000, 0x0000000085200000|100%| O|  |TAMS 0x0000000085100000| PB 0x0000000085100000| Untracked 
|  82|0x0000000085200000, 0x0000000085300000, 0x0000000085300000|100%| O|  |TAMS 0x0000000085200000| PB 0x0000000085200000| Untracked 
|  83|0x0000000085300000, 0x0000000085400000, 0x0000000085400000|100%| O|  |TAMS 0x0000000085300000| PB 0x0000000085300000| Untracked 
|  84|0x0000000085400000, 0x0000000085500000, 0x0000000085500000|100%| O|  |TAMS 0x0000000085400000| PB 0x0000000085400000| Untracked 
|  85|0x0000000085500000, 0x0000000085600000, 0x0000000085600000|100%| O|  |TAMS 0x0000000085500000| PB 0x0000000085500000| Untracked 
|  86|0x0000000085600000, 0x0000000085700000, 0x0000000085700000|100%| O|  |TAMS 0x0000000085600000| PB 0x0000000085600000| Untracked 
|  87|0x0000000085700000, 0x0000000085800000, 0x0000000085800000|100%| O|  |TAMS 0x0000000085700000| PB 0x0000000085700000| Untracked 
|  88|0x0000000085800000, 0x0000000085900000, 0x0000000085900000|100%| O|  |TAMS 0x0000000085800000| PB 0x0000000085800000| Untracked 
|  89|0x0000000085900000, 0x0000000085a00000, 0x0000000085a00000|100%| O|  |TAMS 0x0000000085900000| PB 0x0000000085900000| Untracked 
|  90|0x0000000085a00000, 0x0000000085b00000, 0x0000000085b00000|100%| O|  |TAMS 0x0000000085a00000| PB 0x0000000085a00000| Untracked 
|  91|0x0000000085b00000, 0x0000000085c00000, 0x0000000085c00000|100%| O|  |TAMS 0x0000000085b00000| PB 0x0000000085b00000| Untracked 
|  92|0x0000000085c00000, 0x0000000085d00000, 0x0000000085d00000|100%| O|  |TAMS 0x0000000085c00000| PB 0x0000000085c00000| Untracked 
|  93|0x0000000085d00000, 0x0000000085e00000, 0x0000000085e00000|100%| O|  |TAMS 0x0000000085d00000| PB 0x0000000085d00000| Untracked 
|  94|0x0000000085e00000, 0x0000000085f00000, 0x0000000085f00000|100%| O|  |TAMS 0x0000000085e00000| PB 0x0000000085e00000| Untracked 
|  95|0x0000000085f00000, 0x0000000086000000, 0x0000000086000000|100%| O|Cm|TAMS 0x0000000085f00000| PB 0x0000000085f00000| Complete 
|  96|0x0000000086000000, 0x0000000086100000, 0x0000000086100000|100%| O|  |TAMS 0x0000000086000000| PB 0x0000000086000000| Untracked 
|  97|0x0000000086100000, 0x0000000086200000, 0x0000000086200000|100%| O|  |TAMS 0x0000000086100000| PB 0x0000000086100000| Untracked 
|  98|0x0000000086200000, 0x0000000086300000, 0x0000000086300000|100%| O|  |TAMS 0x0000000086200000| PB 0x0000000086200000| Untracked 
|  99|0x0000000086300000, 0x0000000086400000, 0x0000000086400000|100%| O|  |TAMS 0x0000000086300000| PB 0x0000000086300000| Untracked 
| 100|0x0000000086400000, 0x0000000086500000, 0x0000000086500000|100%| O|  |TAMS 0x0000000086400000| PB 0x0000000086400000| Untracked 
| 101|0x0000000086500000, 0x0000000086600000, 0x0000000086600000|100%| O|  |TAMS 0x0000000086500000| PB 0x0000000086500000| Untracked 
| 102|0x0000000086600000, 0x0000000086700000, 0x0000000086700000|100%| O|  |TAMS 0x0000000086600000| PB 0x0000000086600000| Untracked 
| 103|0x0000000086700000, 0x0000000086800000, 0x0000000086800000|100%| O|  |TAMS 0x0000000086700000| PB 0x0000000086700000| Untracked 
| 104|0x0000000086800000, 0x0000000086900000, 0x0000000086900000|100%| O|  |TAMS 0x0000000086800000| PB 0x0000000086800000| Untracked 
| 105|0x0000000086900000, 0x0000000086a00000, 0x0000000086a00000|100%| O|  |TAMS 0x0000000086900000| PB 0x0000000086900000| Untracked 
| 106|0x0000000086a00000, 0x0000000086b00000, 0x0000000086b00000|100%| O|  |TAMS 0x0000000086a00000| PB 0x0000000086a00000| Untracked 
| 107|0x0000000086b00000, 0x0000000086c00000, 0x0000000086c00000|100%| O|  |TAMS 0x0000000086b00000| PB 0x0000000086b00000| Untracked 
| 108|0x0000000086c00000, 0x0000000086d00000, 0x0000000086d00000|100%| O|  |TAMS 0x0000000086c00000| PB 0x0000000086c00000| Untracked 
| 109|0x0000000086d00000, 0x0000000086e00000, 0x0000000086e00000|100%| O|  |TAMS 0x0000000086d00000| PB 0x0000000086d00000| Untracked 
| 110|0x0000000086e00000, 0x0000000086f00000, 0x0000000086f00000|100%| O|  |TAMS 0x0000000086e00000| PB 0x0000000086e00000| Untracked 
| 111|0x0000000086f00000, 0x0000000087000000, 0x0000000087000000|100%| O|  |TAMS 0x0000000086f00000| PB 0x0000000086f00000| Untracked 
| 112|0x0000000087000000, 0x0000000087100000, 0x0000000087100000|100%| O|  |TAMS 0x0000000087000000| PB 0x0000000087000000| Untracked 
| 113|0x0000000087100000, 0x0000000087200000, 0x0000000087200000|100%| O|  |TAMS 0x0000000087100000| PB 0x0000000087100000| Untracked 
| 114|0x0000000087200000, 0x0000000087300000, 0x0000000087300000|100%| O|Cm|TAMS 0x0000000087200000| PB 0x0000000087200000| Complete 
| 115|0x0000000087300000, 0x0000000087400000, 0x0000000087400000|100%| O|  |TAMS 0x0000000087300000| PB 0x0000000087300000| Untracked 
| 116|0x0000000087400000, 0x0000000087500000, 0x0000000087500000|100%| O|  |TAMS 0x0000000087400000| PB 0x0000000087400000| Untracked 
| 117|0x0000000087500000, 0x0000000087600000, 0x0000000087600000|100%| O|  |TAMS 0x0000000087500000| PB 0x0000000087500000| Untracked 
| 118|0x0000000087600000, 0x0000000087700000, 0x0000000087700000|100%| O|  |TAMS 0x0000000087600000| PB 0x0000000087600000| Untracked 
| 119|0x0000000087700000, 0x0000000087800000, 0x0000000087800000|100%| O|Cm|TAMS 0x0000000087700000| PB 0x0000000087700000| Complete 
| 120|0x0000000087800000, 0x0000000087900000, 0x0000000087900000|100%| O|  |TAMS 0x0000000087800000| PB 0x0000000087800000| Untracked 
| 121|0x0000000087900000, 0x0000000087a00000, 0x0000000087a00000|100%| O|  |TAMS 0x0000000087900000| PB 0x0000000087900000| Untracked 
| 122|0x0000000087a00000, 0x0000000087ae1dc0, 0x0000000087b00000| 88%| O|  |TAMS 0x0000000087a00000| PB 0x0000000087a00000| Untracked 
| 123|0x0000000087b00000, 0x0000000087b00000, 0x0000000087c00000|  0%| F|  |TAMS 0x0000000087b00000| PB 0x0000000087b00000| Untracked 
| 124|0x0000000087c00000, 0x0000000087c00000, 0x0000000087d00000|  0%| F|  |TAMS 0x0000000087c00000| PB 0x0000000087c00000| Untracked 
| 125|0x0000000087d00000, 0x0000000087d00000, 0x0000000087e00000|  0%| F|  |TAMS 0x0000000087d00000| PB 0x0000000087d00000| Untracked 
| 126|0x0000000087e00000, 0x0000000087e00000, 0x0000000087f00000|  0%| F|  |TAMS 0x0000000087e00000| PB 0x0000000087e00000| Untracked 
| 127|0x0000000087f00000, 0x0000000087f00000, 0x0000000088000000|  0%| F|  |TAMS 0x0000000087f00000| PB 0x0000000087f00000| Untracked 
| 128|0x0000000088000000, 0x0000000088000000, 0x0000000088100000|  0%| F|  |TAMS 0x0000000088000000| PB 0x0000000088000000| Untracked 
| 129|0x0000000088100000, 0x0000000088100000, 0x0000000088200000|  0%| F|  |TAMS 0x0000000088100000| PB 0x0000000088100000| Untracked 
| 130|0x0000000088200000, 0x0000000088200000, 0x0000000088300000|  0%| F|  |TAMS 0x0000000088200000| PB 0x0000000088200000| Untracked 
| 131|0x0000000088300000, 0x0000000088300000, 0x0000000088400000|  0%| F|  |TAMS 0x0000000088300000| PB 0x0000000088300000| Untracked 
| 132|0x0000000088400000, 0x0000000088400000, 0x0000000088500000|  0%| F|  |TAMS 0x0000000088400000| PB 0x0000000088400000| Untracked 
| 133|0x0000000088500000, 0x0000000088500000, 0x0000000088600000|  0%| F|  |TAMS 0x0000000088500000| PB 0x0000000088500000| Untracked 
| 134|0x0000000088600000, 0x0000000088600000, 0x0000000088700000|  0%| F|  |TAMS 0x0000000088600000| PB 0x0000000088600000| Untracked 
| 135|0x0000000088700000, 0x0000000088700000, 0x0000000088800000|  0%| F|  |TAMS 0x0000000088700000| PB 0x0000000088700000| Untracked 
| 136|0x0000000088800000, 0x0000000088800000, 0x0000000088900000|  0%| F|  |TAMS 0x0000000088800000| PB 0x0000000088800000| Untracked 
| 137|0x0000000088900000, 0x0000000088900000, 0x0000000088a00000|  0%| F|  |TAMS 0x0000000088900000| PB 0x0000000088900000| Untracked 
| 138|0x0000000088a00000, 0x0000000088a00000, 0x0000000088b00000|  0%| F|  |TAMS 0x0000000088a00000| PB 0x0000000088a00000| Untracked 
| 139|0x0000000088b00000, 0x0000000088b00000, 0x0000000088c00000|  0%| F|  |TAMS 0x0000000088b00000| PB 0x0000000088b00000| Untracked 
| 140|0x0000000088c00000, 0x0000000088c00000, 0x0000000088d00000|  0%| F|  |TAMS 0x0000000088c00000| PB 0x0000000088c00000| Untracked 
| 141|0x0000000088d00000, 0x0000000088d00000, 0x0000000088e00000|  0%| F|  |TAMS 0x0000000088d00000| PB 0x0000000088d00000| Untracked 
| 142|0x0000000088e00000, 0x0000000088e00000, 0x0000000088f00000|  0%| F|  |TAMS 0x0000000088e00000| PB 0x0000000088e00000| Untracked 
| 143|0x0000000088f00000, 0x0000000088f00000, 0x0000000089000000|  0%| F|  |TAMS 0x0000000088f00000| PB 0x0000000088f00000| Untracked 
| 144|0x0000000089000000, 0x0000000089000000, 0x0000000089100000|  0%| F|  |TAMS 0x0000000089000000| PB 0x0000000089000000| Untracked 
| 145|0x0000000089100000, 0x0000000089100000, 0x0000000089200000|  0%| F|  |TAMS 0x0000000089100000| PB 0x0000000089100000| Untracked 
| 146|0x0000000089200000, 0x0000000089200000, 0x0000000089300000|  0%| F|  |TAMS 0x0000000089200000| PB 0x0000000089200000| Untracked 
| 147|0x0000000089300000, 0x0000000089300000, 0x0000000089400000|  0%| F|  |TAMS 0x0000000089300000| PB 0x0000000089300000| Untracked 
| 148|0x0000000089400000, 0x0000000089400000, 0x0000000089500000|  0%| F|  |TAMS 0x0000000089400000| PB 0x0000000089400000| Untracked 
| 149|0x0000000089500000, 0x0000000089500000, 0x0000000089600000|  0%| F|  |TAMS 0x0000000089500000| PB 0x0000000089500000| Untracked 
| 150|0x0000000089600000, 0x0000000089600000, 0x0000000089700000|  0%| F|  |TAMS 0x0000000089600000| PB 0x0000000089600000| Untracked 
| 151|0x0000000089700000, 0x0000000089700000, 0x0000000089800000|  0%| F|  |TAMS 0x0000000089700000| PB 0x0000000089700000| Untracked 
| 152|0x0000000089800000, 0x00000000898eda80, 0x0000000089900000| 92%| S|CS|TAMS 0x0000000089800000| PB 0x0000000089800000| Complete 
| 153|0x0000000089900000, 0x0000000089a00000, 0x0000000089a00000|100%| S|CS|TAMS 0x0000000089900000| PB 0x0000000089900000| Complete 
| 154|0x0000000089a00000, 0x0000000089b00000, 0x0000000089b00000|100%| S|CS|TAMS 0x0000000089a00000| PB 0x0000000089a00000| Complete 
| 155|0x0000000089b00000, 0x0000000089c00000, 0x0000000089c00000|100%| S|CS|TAMS 0x0000000089b00000| PB 0x0000000089b00000| Complete 
| 156|0x0000000089c00000, 0x0000000089d00000, 0x0000000089d00000|100%| S|CS|TAMS 0x0000000089c00000| PB 0x0000000089c00000| Complete 
| 157|0x0000000089d00000, 0x0000000089e00000, 0x0000000089e00000|100%| S|CS|TAMS 0x0000000089d00000| PB 0x0000000089d00000| Complete 
| 158|0x0000000089e00000, 0x0000000089e00000, 0x0000000089f00000|  0%| F|  |TAMS 0x0000000089e00000| PB 0x0000000089e00000| Untracked 
| 159|0x0000000089f00000, 0x0000000089f00000, 0x000000008a000000|  0%| F|  |TAMS 0x0000000089f00000| PB 0x0000000089f00000| Untracked 
| 160|0x000000008a000000, 0x000000008a000000, 0x000000008a100000|  0%| F|  |TAMS 0x000000008a000000| PB 0x000000008a000000| Untracked 
| 161|0x000000008a100000, 0x000000008a100000, 0x000000008a200000|  0%| F|  |TAMS 0x000000008a100000| PB 0x000000008a100000| Untracked 
| 162|0x000000008a200000, 0x000000008a200000, 0x000000008a300000|  0%| F|  |TAMS 0x000000008a200000| PB 0x000000008a200000| Untracked 
| 163|0x000000008a300000, 0x000000008a300000, 0x000000008a400000|  0%| F|  |TAMS 0x000000008a300000| PB 0x000000008a300000| Untracked 
| 164|0x000000008a400000, 0x000000008a400000, 0x000000008a500000|  0%| F|  |TAMS 0x000000008a400000| PB 0x000000008a400000| Untracked 
| 165|0x000000008a500000, 0x000000008a500000, 0x000000008a600000|  0%| F|  |TAMS 0x000000008a500000| PB 0x000000008a500000| Untracked 
| 166|0x000000008a600000, 0x000000008a600000, 0x000000008a700000|  0%| F|  |TAMS 0x000000008a600000| PB 0x000000008a600000| Untracked 
| 167|0x000000008a700000, 0x000000008a700000, 0x000000008a800000|  0%| F|  |TAMS 0x000000008a700000| PB 0x000000008a700000| Untracked 
| 168|0x000000008a800000, 0x000000008a800000, 0x000000008a900000|  0%| F|  |TAMS 0x000000008a800000| PB 0x000000008a800000| Untracked 
| 169|0x000000008a900000, 0x000000008a900000, 0x000000008aa00000|  0%| F|  |TAMS 0x000000008a900000| PB 0x000000008a900000| Untracked 
| 170|0x000000008aa00000, 0x000000008aa00000, 0x000000008ab00000|  0%| F|  |TAMS 0x000000008aa00000| PB 0x000000008aa00000| Untracked 
| 171|0x000000008ab00000, 0x000000008ab00000, 0x000000008ac00000|  0%| F|  |TAMS 0x000000008ab00000| PB 0x000000008ab00000| Untracked 
| 172|0x000000008ac00000, 0x000000008ac00000, 0x000000008ad00000|  0%| F|  |TAMS 0x000000008ac00000| PB 0x000000008ac00000| Untracked 
| 173|0x000000008ad00000, 0x000000008ad00000, 0x000000008ae00000|  0%| F|  |TAMS 0x000000008ad00000| PB 0x000000008ad00000| Untracked 
| 174|0x000000008ae00000, 0x000000008ae00000, 0x000000008af00000|  0%| F|  |TAMS 0x000000008ae00000| PB 0x000000008ae00000| Untracked 
| 175|0x000000008af00000, 0x000000008af00000, 0x000000008b000000|  0%| F|  |TAMS 0x000000008af00000| PB 0x000000008af00000| Untracked 
| 176|0x000000008b000000, 0x000000008b000000, 0x000000008b100000|  0%| F|  |TAMS 0x000000008b000000| PB 0x000000008b000000| Untracked 
| 177|0x000000008b100000, 0x000000008b100000, 0x000000008b200000|  0%| F|  |TAMS 0x000000008b100000| PB 0x000000008b100000| Untracked 
| 178|0x000000008b200000, 0x000000008b200000, 0x000000008b300000|  0%| F|  |TAMS 0x000000008b200000| PB 0x000000008b200000| Untracked 
| 179|0x000000008b300000, 0x000000008b300000, 0x000000008b400000|  0%| F|  |TAMS 0x000000008b300000| PB 0x000000008b300000| Untracked 
| 180|0x000000008b400000, 0x000000008b400000, 0x000000008b500000|  0%| F|  |TAMS 0x000000008b400000| PB 0x000000008b400000| Untracked 
| 181|0x000000008b500000, 0x000000008b500000, 0x000000008b600000|  0%| F|  |TAMS 0x000000008b500000| PB 0x000000008b500000| Untracked 
| 182|0x000000008b600000, 0x000000008b600000, 0x000000008b700000|  0%| F|  |TAMS 0x000000008b600000| PB 0x000000008b600000| Untracked 
| 183|0x000000008b700000, 0x000000008b700000, 0x000000008b800000|  0%| F|  |TAMS 0x000000008b700000| PB 0x000000008b700000| Untracked 
| 184|0x000000008b800000, 0x000000008b800000, 0x000000008b900000|  0%| F|  |TAMS 0x000000008b800000| PB 0x000000008b800000| Untracked 
| 185|0x000000008b900000, 0x000000008b900000, 0x000000008ba00000|  0%| F|  |TAMS 0x000000008b900000| PB 0x000000008b900000| Untracked 
| 186|0x000000008ba00000, 0x000000008ba00000, 0x000000008bb00000|  0%| F|  |TAMS 0x000000008ba00000| PB 0x000000008ba00000| Untracked 
| 187|0x000000008bb00000, 0x000000008bb00000, 0x000000008bc00000|  0%| F|  |TAMS 0x000000008bb00000| PB 0x000000008bb00000| Untracked 
| 188|0x000000008bc00000, 0x000000008bc00000, 0x000000008bd00000|  0%| F|  |TAMS 0x000000008bc00000| PB 0x000000008bc00000| Untracked 
| 189|0x000000008bd00000, 0x000000008bd00000, 0x000000008be00000|  0%| F|  |TAMS 0x000000008bd00000| PB 0x000000008bd00000| Untracked 
| 190|0x000000008be00000, 0x000000008be00000, 0x000000008bf00000|  0%| F|  |TAMS 0x000000008be00000| PB 0x000000008be00000| Untracked 
| 191|0x000000008bf00000, 0x000000008bf00000, 0x000000008c000000|  0%| F|  |TAMS 0x000000008bf00000| PB 0x000000008bf00000| Untracked 
| 192|0x000000008c000000, 0x000000008c000000, 0x000000008c100000|  0%| F|  |TAMS 0x000000008c000000| PB 0x000000008c000000| Untracked 
| 193|0x000000008c100000, 0x000000008c100000, 0x000000008c200000|  0%| F|  |TAMS 0x000000008c100000| PB 0x000000008c100000| Untracked 
| 194|0x000000008c200000, 0x000000008c200000, 0x000000008c300000|  0%| F|  |TAMS 0x000000008c200000| PB 0x000000008c200000| Untracked 
| 195|0x000000008c300000, 0x000000008c300000, 0x000000008c400000|  0%| F|  |TAMS 0x000000008c300000| PB 0x000000008c300000| Untracked 
| 196|0x000000008c400000, 0x000000008c403420, 0x000000008c500000|  1%| E|  |TAMS 0x000000008c400000| PB 0x000000008c400000| Complete 
| 197|0x000000008c500000, 0x000000008c600000, 0x000000008c600000|100%| E|CS|TAMS 0x000000008c500000| PB 0x000000008c500000| Complete 
| 198|0x000000008c600000, 0x000000008c700000, 0x000000008c700000|100%| E|CS|TAMS 0x000000008c600000| PB 0x000000008c600000| Complete 
| 199|0x000000008c700000, 0x000000008c800000, 0x000000008c800000|100%| E|  |TAMS 0x000000008c700000| PB 0x000000008c700000| Complete 
| 200|0x000000008c800000, 0x000000008c900000, 0x000000008c900000|100%| E|CS|TAMS 0x000000008c800000| PB 0x000000008c800000| Complete 
| 201|0x000000008c900000, 0x000000008ca00000, 0x000000008ca00000|100%| E|CS|TAMS 0x000000008c900000| PB 0x000000008c900000| Complete 
| 202|0x000000008ca00000, 0x000000008cb00000, 0x000000008cb00000|100%| E|CS|TAMS 0x000000008ca00000| PB 0x000000008ca00000| Complete 
| 203|0x000000008cb00000, 0x000000008cc00000, 0x000000008cc00000|100%| E|CS|TAMS 0x000000008cb00000| PB 0x000000008cb00000| Complete 
| 204|0x000000008cc00000, 0x000000008cd00000, 0x000000008cd00000|100%| E|CS|TAMS 0x000000008cc00000| PB 0x000000008cc00000| Complete 
| 205|0x000000008cd00000, 0x000000008ce00000, 0x000000008ce00000|100%| E|CS|TAMS 0x000000008cd00000| PB 0x000000008cd00000| Complete 
| 206|0x000000008ce00000, 0x000000008cf00000, 0x000000008cf00000|100%| E|CS|TAMS 0x000000008ce00000| PB 0x000000008ce00000| Complete 
| 207|0x000000008cf00000, 0x000000008d000000, 0x000000008d000000|100%| E|CS|TAMS 0x000000008cf00000| PB 0x000000008cf00000| Complete 
| 208|0x000000008d000000, 0x000000008d100000, 0x000000008d100000|100%| E|CS|TAMS 0x000000008d000000| PB 0x000000008d000000| Complete 
| 209|0x000000008d100000, 0x000000008d200000, 0x000000008d200000|100%| E|CS|TAMS 0x000000008d100000| PB 0x000000008d100000| Complete 
| 210|0x000000008d200000, 0x000000008d300000, 0x000000008d300000|100%| E|CS|TAMS 0x000000008d200000| PB 0x000000008d200000| Complete 
| 211|0x000000008d300000, 0x000000008d400000, 0x000000008d400000|100%| E|CS|TAMS 0x000000008d300000| PB 0x000000008d300000| Complete 
| 212|0x000000008d400000, 0x000000008d500000, 0x000000008d500000|100%| E|CS|TAMS 0x000000008d400000| PB 0x000000008d400000| Complete 
| 213|0x000000008d500000, 0x000000008d600000, 0x000000008d600000|100%| E|CS|TAMS 0x000000008d500000| PB 0x000000008d500000| Complete 
|2035|0x00000000ff300000, 0x00000000ff400000, 0x00000000ff400000|100%| E|CS|TAMS 0x00000000ff300000| PB 0x00000000ff300000| Complete 
|2036|0x00000000ff400000, 0x00000000ff500000, 0x00000000ff500000|100%| E|CS|TAMS 0x00000000ff400000| PB 0x00000000ff400000| Complete 
|2037|0x00000000ff500000, 0x00000000ff600000, 0x00000000ff600000|100%| E|CS|TAMS 0x00000000ff500000| PB 0x00000000ff500000| Complete 
|2038|0x00000000ff600000, 0x00000000ff700000, 0x00000000ff700000|100%| O|  |TAMS 0x00000000ff600000| PB 0x00000000ff600000| Untracked 
|2039|0x00000000ff700000, 0x00000000ff800000, 0x00000000ff800000|100%| O|  |TAMS 0x00000000ff700000| PB 0x00000000ff700000| Untracked 
|2040|0x00000000ff800000, 0x00000000ff900000, 0x00000000ff900000|100%| E|CS|TAMS 0x00000000ff800000| PB 0x00000000ff800000| Complete 
|2041|0x00000000ff900000, 0x00000000ffa00000, 0x00000000ffa00000|100%| E|CS|TAMS 0x00000000ff900000| PB 0x00000000ff900000| Complete 
|2042|0x00000000ffa00000, 0x00000000ffb00000, 0x00000000ffb00000|100%| O|  |TAMS 0x00000000ffa00000| PB 0x00000000ffa00000| Untracked 
|2043|0x00000000ffb00000, 0x00000000ffc00000, 0x00000000ffc00000|100%| O|  |TAMS 0x00000000ffb00000| PB 0x00000000ffb00000| Untracked 
|2044|0x00000000ffc00000, 0x00000000ffd00000, 0x00000000ffd00000|100%| O|  |TAMS 0x00000000ffc00000| PB 0x00000000ffc00000| Untracked 
|2045|0x00000000ffd00000, 0x00000000ffe00000, 0x00000000ffe00000|100%| O|  |TAMS 0x00000000ffd00000| PB 0x00000000ffd00000| Untracked 
|2046|0x00000000ffe00000, 0x00000000fff00000, 0x00000000fff00000|100%| O|  |TAMS 0x00000000ffe00000| PB 0x00000000ffe00000| Untracked 
|2047|0x00000000fff00000, 0x0000000100000000, 0x0000000100000000|100%| O|  |TAMS 0x00000000fff00000| PB 0x00000000fff00000| Untracked 

Card table byte_map: [0x0000018b596a0000,0x0000018b59aa0000] _byte_map_base: 0x0000018b592a0000

Marking Bits: (CMBitMap*) 0x0000018b44e18930
 Bits: [0x0000018b59aa0000, 0x0000018b5baa0000)

Polling page: 0x0000018b495f0000

Metaspace:

Usage:
  Non-class:    102.63 MB used.
      Class:     16.19 MB used.
       Both:    118.82 MB used.

Virtual space:
  Non-class space:      128.00 MB reserved,     103.81 MB ( 81%) committed,  2 nodes.
      Class space:        1.00 GB reserved,      17.38 MB (  2%) committed,  1 nodes.
             Both:        1.12 GB reserved,     121.19 MB ( 11%) committed. 

Chunk freelists:
   Non-Class:  7.92 MB
       Class:  14.66 MB
        Both:  22.58 MB

MaxMetaspaceSize: unlimited
CompressedClassSpaceSize: 1.00 GB
Initial GC threshold: 21.00 MB
Current GC threshold: 200.62 MB
CDS: off
 - commit_granule_bytes: 65536.
 - commit_granule_words: 8192.
 - virtual_space_node_default_size: 8388608.
 - enlarge_chunks_in_place: 1.
 - use_allocation_guard: 0.


Internal statistics:

num_allocs_failed_limit: 9.
num_arena_births: 4520.
num_arena_deaths: 0.
num_vsnodes_births: 3.
num_vsnodes_deaths: 0.
num_space_committed: 1939.
num_space_uncommitted: 0.
num_chunks_returned_to_freelist: 9.
num_chunks_taken_from_freelist: 9887.
num_chunk_merges: 9.
num_chunk_splits: 6339.
num_chunks_enlarged: 3845.
num_inconsistent_stats: 0.

CodeHeap 'non-profiled nmethods': size=120000Kb used=9265Kb max_used=9265Kb free=110734Kb
 bounds [0x0000018b510e0000, 0x0000018b51a00000, 0x0000018b58610000]
CodeHeap 'profiled nmethods': size=120000Kb used=23872Kb max_used=24309Kb free=96127Kb
 bounds [0x0000018b49610000, 0x0000018b4add0000, 0x0000018b50b40000]
CodeHeap 'non-nmethods': size=5760Kb used=2905Kb max_used=2950Kb free=2855Kb
 bounds [0x0000018b50b40000, 0x0000018b50e30000, 0x0000018b510e0000]
 total_blobs=14086 nmethods=13071 adapters=919
 compilation: enabled
              stopped_count=0, restarted_count=0
 full_count=0

Compilation events (20 events):
Event: 76.684 Thread 0x0000018b5e9d4c60 nmethod 15869 0x0000018b4a30aa90 code [0x0000018b4a30ac40, 0x0000018b4a30aeb8]
Event: 83.275 Thread 0x0000018b5e9d4c60 15870   !   3       java.io.RandomAccessFile::close (69 bytes)
Event: 83.310 Thread 0x0000018b5e9d4c60 nmethod 15870 0x0000018b4991ab10 code [0x0000018b4991ad00, 0x0000018b4991b230]
Event: 83.844 Thread 0x0000018b5e9cb350 15871       4       java.util.concurrent.TimeUnit::toNanos (45 bytes)
Event: 83.848 Thread 0x0000018b5e9cb350 nmethod 15871 0x0000018b51816c10 code [0x0000018b51816da0, 0x0000018b51816e80]
Event: 91.667 Thread 0x0000018b5e9cb350 15872   !   4       java.lang.Thread::sleep (82 bytes)
Event: 91.695 Thread 0x0000018b5e9cb350 nmethod 15872 0x0000018b51806b10 code [0x0000018b51806cc0, 0x0000018b51806e38]
Event: 98.678 Thread 0x0000018b5e9d4c60 15874       3       java.util.concurrent.ScheduledThreadPoolExecutor$DelayedWorkQueue::setIndex (16 bytes)
Event: 98.694 Thread 0x0000018b5e9d4c60 nmethod 15874 0x0000018b4a3a5610 code [0x0000018b4a3a57c0, 0x0000018b4a3a5aa8]
Event: 98.695 Thread 0x0000018b5e9d4c60 15875   !   3       org.gradle.internal.concurrent.AbstractManagedExecutor$1::run (57 bytes)
Event: 98.738 Thread 0x0000018b5e9d4c60 nmethod 15875 0x0000018b49f06d10 code [0x0000018b49f06f20, 0x0000018b49f073c0]
Event: 103.273 Thread 0x0000018b5e9d4c60 15877       3       java.util.concurrent.CopyOnWriteArrayList::indexOfRange (63 bytes)
Event: 103.282 Thread 0x0000018b5e9d4c60 nmethod 15877 0x0000018b4970a390 code [0x0000018b4970a580, 0x0000018b4970a9e8]
Event: 113.262 Thread 0x0000018b5e9d4c60 15878       3       org.gradle.internal.serialize.InputStreamBackedDecoder::readInt (8 bytes)
Event: 113.344 Thread 0x0000018b5e9d4c60 nmethod 15878 0x0000018b4a15a710 code [0x0000018b4a15a920, 0x0000018b4a15af90]
Event: 114.691 Thread 0x0000018b5e9cb350 15879 %     4       javax.management.ObjectName::construct @ 822 (1135 bytes)
Event: 115.681 Thread 0x0000018b5e9d4c60 15880       1       java.lang.management.DefaultPlatformMBeanProvider$3::mbeanInterfaceNames (5 bytes)
Event: 115.684 Thread 0x0000018b5e9d4c60 nmethod 15880 0x0000018b51806810 code [0x0000018b518069a0, 0x0000018b51806a68]
Event: 115.684 Thread 0x0000018b5e9d4c60 15881       1       java.lang.management.DefaultPlatformMBeanProvider$1::mbeanInterfaceNames (5 bytes)
Event: 115.684 Thread 0x0000018b5e9d4c60 nmethod 15881 0x0000018b51806510 code [0x0000018b518066a0, 0x0000018b51806768]

GC Heap History (20 events):
Event: 33.691 GC heap before
{Heap before GC invocations=46 (full 0):
 garbage-first heap   total 177152K, used 157801K [0x0000000080000000, 0x0000000100000000)
  region size 1024K, 49 young (50176K), 7 survivors (7168K)
 Metaspace       used 116104K, committed 118400K, reserved 1179648K
  class space    used 15851K, committed 17024K, reserved 1048576K
}
Event: 33.701 GC heap after
{Heap after GC invocations=47 (full 0):
 garbage-first heap   total 177152K, used 123579K [0x0000000080000000, 0x0000000100000000)
  region size 1024K, 7 young (7168K), 7 survivors (7168K)
 Metaspace       used 116104K, committed 118400K, reserved 1179648K
  class space    used 15851K, committed 17024K, reserved 1048576K
}
Event: 34.035 GC heap before
{Heap before GC invocations=48 (full 0):
 garbage-first heap   total 206848K, used 157371K [0x0000000080000000, 0x0000000100000000)
  region size 1024K, 41 young (41984K), 7 survivors (7168K)
 Metaspace       used 116118K, committed 118400K, reserved 1179648K
  class space    used 15854K, committed 17024K, reserved 1048576K
}
Event: 34.041 GC heap after
{Heap after GC invocations=49 (full 0):
 garbage-first heap   total 206848K, used 124700K [0x0000000080000000, 0x0000000100000000)
  region size 1024K, 4 young (4096K), 4 survivors (4096K)
 Metaspace       used 116118K, committed 118400K, reserved 1179648K
  class space    used 15854K, committed 17024K, reserved 1048576K
}
Event: 34.637 GC heap before
{Heap before GC invocations=49 (full 0):
 garbage-first heap   total 206848K, used 187164K [0x0000000080000000, 0x0000000100000000)
  region size 1024K, 66 young (67584K), 4 survivors (4096K)
 Metaspace       used 116140K, committed 118464K, reserved 1179648K
  class space    used 15854K, committed 17024K, reserved 1048576K
}
Event: 34.642 GC heap after
{Heap after GC invocations=50 (full 0):
 garbage-first heap   total 206848K, used 126167K [0x0000000080000000, 0x0000000100000000)
  region size 1024K, 5 young (5120K), 5 survivors (5120K)
 Metaspace       used 116140K, committed 118464K, reserved 1179648K
  class space    used 15854K, committed 17024K, reserved 1048576K
}
Event: 35.420 GC heap before
{Heap before GC invocations=50 (full 0):
 garbage-first heap   total 206848K, used 188631K [0x0000000080000000, 0x0000000100000000)
  region size 1024K, 67 young (68608K), 5 survivors (5120K)
 Metaspace       used 116422K, committed 118720K, reserved 1179648K
  class space    used 15891K, committed 17024K, reserved 1048576K
}
Event: 35.427 GC heap after
{Heap after GC invocations=51 (full 0):
 garbage-first heap   total 206848K, used 127647K [0x0000000080000000, 0x0000000100000000)
  region size 1024K, 8 young (8192K), 8 survivors (8192K)
 Metaspace       used 116422K, committed 118720K, reserved 1179648K
  class space    used 15891K, committed 17024K, reserved 1048576K
}
Event: 35.763 GC heap before
{Heap before GC invocations=51 (full 0):
 garbage-first heap   total 206848K, used 184991K [0x0000000080000000, 0x0000000100000000)
  region size 1024K, 65 young (66560K), 8 survivors (8192K)
 Metaspace       used 116512K, committed 118848K, reserved 1179648K
  class space    used 15903K, committed 17088K, reserved 1048576K
}
Event: 35.770 GC heap after
{Heap after GC invocations=52 (full 0):
 garbage-first heap   total 206848K, used 129819K [0x0000000080000000, 0x0000000100000000)
  region size 1024K, 5 young (5120K), 5 survivors (5120K)
 Metaspace       used 116512K, committed 118848K, reserved 1179648K
  class space    used 15903K, committed 17088K, reserved 1048576K
}
Event: 37.331 GC heap before
{Heap before GC invocations=53 (full 0):
 garbage-first heap   total 219136K, used 187163K [0x0000000080000000, 0x0000000100000000)
  region size 1024K, 62 young (63488K), 5 survivors (5120K)
 Metaspace       used 116888K, committed 119232K, reserved 1179648K
  class space    used 15929K, committed 17088K, reserved 1048576K
}
Event: 37.339 GC heap after
{Heap after GC invocations=54 (full 0):
 garbage-first heap   total 219136K, used 131745K [0x0000000080000000, 0x0000000100000000)
  region size 1024K, 6 young (6144K), 6 survivors (6144K)
 Metaspace       used 116888K, committed 119232K, reserved 1179648K
  class space    used 15929K, committed 17088K, reserved 1048576K
}
Event: 39.264 GC heap before
{Heap before GC invocations=54 (full 0):
 garbage-first heap   total 219136K, used 199329K [0x0000000080000000, 0x0000000100000000)
  region size 1024K, 73 young (74752K), 6 survivors (6144K)
 Metaspace       used 117529K, committed 119872K, reserved 1179648K
  class space    used 16038K, committed 17216K, reserved 1048576K
}
Event: 39.270 GC heap after
{Heap after GC invocations=55 (full 0):
 garbage-first heap   total 219136K, used 133171K [0x0000000080000000, 0x0000000100000000)
  region size 1024K, 7 young (7168K), 7 survivors (7168K)
 Metaspace       used 117529K, committed 119872K, reserved 1179648K
  class space    used 16038K, committed 17216K, reserved 1048576K
}
Event: 41.002 GC heap before
{Heap before GC invocations=55 (full 0):
 garbage-first heap   total 219136K, used 197683K [0x0000000080000000, 0x0000000100000000)
  region size 1024K, 71 young (72704K), 7 survivors (7168K)
 Metaspace       used 120479K, committed 122816K, reserved 1179648K
  class space    used 16385K, committed 17536K, reserved 1048576K
}
Event: 41.014 GC heap after
{Heap after GC invocations=56 (full 0):
 garbage-first heap   total 219136K, used 136282K [0x0000000080000000, 0x0000000100000000)
  region size 1024K, 9 young (9216K), 9 survivors (9216K)
 Metaspace       used 120479K, committed 122816K, reserved 1179648K
  class space    used 16385K, committed 17536K, reserved 1048576K
}
Event: 41.520 GC heap before
{Heap before GC invocations=56 (full 0):
 garbage-first heap   total 219136K, used 195674K [0x0000000080000000, 0x0000000100000000)
  region size 1024K, 68 young (69632K), 9 survivors (9216K)
 Metaspace       used 120932K, committed 123264K, reserved 1179648K
  class space    used 16456K, committed 17664K, reserved 1048576K
}
Event: 41.530 GC heap after
{Heap after GC invocations=57 (full 0):
 garbage-first heap   total 219136K, used 138888K [0x0000000080000000, 0x0000000100000000)
  region size 1024K, 5 young (5120K), 5 survivors (5120K)
 Metaspace       used 120932K, committed 123264K, reserved 1179648K
  class space    used 16456K, committed 17664K, reserved 1048576K
}
Event: 42.005 GC heap before
{Heap before GC invocations=58 (full 0):
 garbage-first heap   total 232448K, used 200328K [0x0000000080000000, 0x0000000100000000)
  region size 1024K, 66 young (67584K), 5 survivors (5120K)
 Metaspace       used 120963K, committed 123392K, reserved 1179648K
  class space    used 16457K, committed 17664K, reserved 1048576K
}
Event: 42.011 GC heap after
{Heap after GC invocations=59 (full 0):
 garbage-first heap   total 232448K, used 140094K [0x0000000080000000, 0x0000000100000000)
  region size 1024K, 6 young (6144K), 6 survivors (6144K)
 Metaspace       used 120963K, committed 123392K, reserved 1179648K
  class space    used 16457K, committed 17664K, reserved 1048576K
}

Dll operation events (3 events):
Event: 0.018 Loaded shared library C:\Program Files\Android\Android Studio\jbr\bin\java.dll
Event: 0.025 Loaded shared library C:\Program Files\Android\Android Studio\jbr\bin\zip.dll
Event: 0.815 Loaded shared library C:\Program Files\Android\Android Studio\jbr\bin\verify.dll

Deoptimization events (20 events):
Event: 43.498 Thread 0x0000018b66be4020 Uncommon trap: trap_request=0xffffff45 fr.pc=0x0000018b512d1fb8 relative=0x0000000000000098
Event: 43.498 Thread 0x0000018b66be4020 Uncommon trap: reason=unstable_if action=reinterpret pc=0x0000018b512d1fb8 method=java.io.BufferedOutputStream.growIfNeeded(I)V @ 24 c2
Event: 43.498 Thread 0x0000018b66be4020 DEOPT PACKING pc=0x0000018b512d1fb8 sp=0x00000082e76fd590
Event: 43.498 Thread 0x0000018b66be4020 DEOPT UNPACKING pc=0x0000018b50b946a2 sp=0x00000082e76fd510 mode 2
Event: 43.617 Thread 0x0000018b672fce90 Uncommon trap: trap_request=0xffffffc6 fr.pc=0x0000018b515d3654 relative=0x0000000000000454
Event: 43.617 Thread 0x0000018b672fce90 Uncommon trap: reason=bimorphic_or_optimized_type_check action=maybe_recompile pc=0x0000018b515d3654 method=java.util.Hashtable.get(Ljava/lang/Object;)Ljava/lang/Object; @ 6 c2
Event: 43.617 Thread 0x0000018b672fce90 DEOPT PACKING pc=0x0000018b515d3654 sp=0x00000082eb4fe8e0
Event: 43.617 Thread 0x0000018b672fce90 DEOPT UNPACKING pc=0x0000018b50b946a2 sp=0x00000082eb4fe880 mode 2
Event: 43.617 Thread 0x0000018b672fce90 Uncommon trap: trap_request=0xffffffc6 fr.pc=0x0000018b516582c0 relative=0x00000000000008e0
Event: 43.617 Thread 0x0000018b672fce90 Uncommon trap: reason=bimorphic_or_optimized_type_check action=maybe_recompile pc=0x0000018b516582c0 method=java.util.Hashtable.put(Ljava/lang/Object;Ljava/lang/Object;)Ljava/lang/Object; @ 18 c2
Event: 43.617 Thread 0x0000018b672fce90 DEOPT PACKING pc=0x0000018b516582c0 sp=0x00000082eb4fe8b0
Event: 43.617 Thread 0x0000018b672fce90 DEOPT UNPACKING pc=0x0000018b50b946a2 sp=0x00000082eb4fe878 mode 2
Event: 43.617 Thread 0x0000018b672fce90 Uncommon trap: trap_request=0xffffffc6 fr.pc=0x0000018b515d3654 relative=0x0000000000000454
Event: 43.617 Thread 0x0000018b672fce90 Uncommon trap: reason=bimorphic_or_optimized_type_check action=maybe_recompile pc=0x0000018b515d3654 method=java.util.Hashtable.get(Ljava/lang/Object;)Ljava/lang/Object; @ 6 c2
Event: 43.617 Thread 0x0000018b672fce90 DEOPT PACKING pc=0x0000018b515d3654 sp=0x00000082eb4fe8e0
Event: 43.617 Thread 0x0000018b672fce90 DEOPT UNPACKING pc=0x0000018b50b946a2 sp=0x00000082eb4fe880 mode 2
Event: 43.617 Thread 0x0000018b672fce90 Uncommon trap: trap_request=0xffffffc6 fr.pc=0x0000018b516582c0 relative=0x00000000000008e0
Event: 43.617 Thread 0x0000018b672fce90 Uncommon trap: reason=bimorphic_or_optimized_type_check action=maybe_recompile pc=0x0000018b516582c0 method=java.util.Hashtable.put(Ljava/lang/Object;Ljava/lang/Object;)Ljava/lang/Object; @ 18 c2
Event: 43.617 Thread 0x0000018b672fce90 DEOPT PACKING pc=0x0000018b516582c0 sp=0x00000082eb4fe8b0
Event: 43.617 Thread 0x0000018b672fce90 DEOPT UNPACKING pc=0x0000018b50b946a2 sp=0x00000082eb4fe878 mode 2

Classes loaded (20 events):
Event: 43.511 Loading class java/rmi/server/ServerNotActiveException
Event: 43.511 Loading class java/rmi/server/ServerNotActiveException done
Event: 43.522 Loading class sun/rmi/transport/DGCAckHandler
Event: 43.523 Loading class sun/rmi/transport/DGCAckHandler done
Event: 43.540 Loading class sun/rmi/transport/DGCAckHandler$1
Event: 43.540 Loading class sun/rmi/transport/DGCAckHandler$1 done
Event: 43.606 Loading class sun/rmi/transport/tcp/TCPTransport$ConnectionHandler
Event: 43.607 Loading class sun/rmi/transport/tcp/TCPTransport$ConnectionHandler done
Event: 43.614 Loading class sun/rmi/transport/Transport$1
Event: 43.614 Loading class sun/rmi/transport/Transport$1 done
Event: 43.616 Loading class sun/rmi/transport/DGCImpl$LeaseInfo
Event: 43.616 Loading class sun/rmi/transport/DGCImpl$LeaseInfo done
Event: 43.616 Loading class sun/rmi/transport/DGCImpl$1
Event: 43.616 Loading class sun/rmi/transport/DGCImpl$1 done
Event: 43.617 Loading class sun/rmi/transport/SequenceEntry
Event: 43.617 Loading class sun/rmi/transport/SequenceEntry done
Event: 62.369 Loading class java/time/Clock
Event: 62.655 Loading class java/time/InstantSource
Event: 62.670 Loading class java/time/InstantSource done
Event: 62.671 Loading class java/time/Clock done

Classes unloaded (0 events):
No events

Classes redefined (0 events):
No events

Internal exceptions (20 events):
Event: 41.180 Thread 0x0000018b66be4020 Exception <a 'java/net/ConnectException'{0x000000008c5c3c10}: Connection refused: connect> (0x000000008c5c3c10) 
thrown [s\src\hotspot\share\prims\jni.cpp, line 567]
Event: 41.225 Thread 0x0000018b66be4020 Exception <a 'java/lang/NoSuchMethodError'{0x000000008b7f4528}: 'int java.lang.invoke.DirectMethodHandle$Holder.invokeStatic(java.lang.Object, long)'> (0x000000008b7f4528) 
thrown [s\src\hotspot\share\interpreter\linkResolver.cpp, line 784]
Event: 41.358 Thread 0x0000018b66be4020 Exception <a 'java/lang/NoSuchMethodError'{0x000000008b129e78}: 'void java.lang.invoke.DirectMethodHandle$Holder.invokeStatic(java.lang.Object, long)'> (0x000000008b129e78) 
thrown [s\src\hotspot\share\interpreter\linkResolver.cpp, line 784]
Event: 41.362 Thread 0x0000018b66be4020 Exception <a 'java/lang/NoSuchMethodError'{0x000000008a335048}: 'java.lang.Object java.lang.invoke.DirectMethodHandle$Holder.invokeStaticInit(java.lang.Object, long, java.lang.Object)'> (0x000000008a335048) 
thrown [s\src\hotspot\share\interpreter\linkResolver.cpp, line 784]
Event: 41.429 Thread 0x0000018b66be46b0 Implicit null exception at 0x0000018b5149f20b to 0x0000018b5149f2d0
Event: 41.429 Thread 0x0000018b66be46b0 Implicit null exception at 0x0000018b515da10e to 0x0000018b515da890
Event: 42.088 Thread 0x0000018b6f377300 Exception <a 'java/lang/NoSuchMethodError'{0x000000008cd4e6f0}: static Ljava/lang/Object;.<clinit>()V> (0x000000008cd4e6f0) 
thrown [s\src\hotspot\share\prims\jni.cpp, line 1139]
Event: 43.169 Thread 0x0000018b66be4020 Exception <a 'java/net/ConnectException'{0x000000008cc1fc48}: Connection refused: connect> (0x000000008cc1fc48) 
thrown [s\src\hotspot\share\prims\jni.cpp, line 567]
Event: 43.188 Thread 0x0000018b66be4020 Exception <a 'java/net/ConnectException'{0x000000008cc209e0}: Connection refused: connect> (0x000000008cc209e0) 
thrown [s\src\hotspot\share\prims\jni.cpp, line 567]
Event: 43.203 Thread 0x0000018b66be4020 Exception <a 'java/net/ConnectException'{0x000000008cc21778}: Connection refused: connect> (0x000000008cc21778) 
thrown [s\src\hotspot\share\prims\jni.cpp, line 567]
Event: 43.324 Thread 0x0000018b66be4020 Exception <a 'java/lang/NoSuchMethodError'{0x000000008ccf3a78}: static Lorg/jetbrains/kotlin/daemon/common/LoopbackNetworkInterface$AbstractClientLoopbackSocketFactory;.<clinit>()V> (0x000000008ccf3a78) 
thrown [s\src\hotspot\share\prims\jni.cpp, line 1139]
Event: 43.325 Thread 0x0000018b66be4020 Exception <a 'java/lang/NoSuchMethodError'{0x000000008ccffcb8}: static Lorg/jetbrains/kotlin/daemon/common/LoopbackNetworkInterface$ClientLoopbackSocketFactory;.<clinit>()V> (0x000000008ccffcb8) 
thrown [s\src\hotspot\share\prims\jni.cpp, line 1139]
Event: 43.356 Thread 0x0000018b66be4020 Exception <a 'java/lang/NoSuchMethodError'{0x000000008cb6e668}: static [Ljava/rmi/server/ObjID;.<clinit>()V> (0x000000008cb6e668) 
thrown [s\src\hotspot\share\prims\jni.cpp, line 1139]
Event: 43.362 Thread 0x0000018b66be4020 Exception <a 'java/lang/NoSuchMethodError'{0x000000008cb93110}: static [B.<clinit>()V> (0x000000008cb93110) 
thrown [s\src\hotspot\share\prims\jni.cpp, line 1139]
Event: 43.380 Thread 0x0000018b672fe8d0 Exception <a 'java/lang/NoSuchMethodError'{0x000000008cb63f90}: 'java.lang.Object java.lang.invoke.DirectMethodHandle$Holder.newInvokeSpecial(java.lang.Object, java.lang.Object, int, java.lang.Object, long)'> (0x000000008cb63f90) 
thrown [s\src\hotspot\share\interpreter\linkResolver.cpp, line 784]
Event: 43.416 Thread 0x0000018b66be4020 Exception <a 'java/lang/NoSuchMethodError'{0x000000008cbdb928}: static Lorg/jetbrains/kotlin/daemon/common/CompileService$CallResult;.<clinit>()V> (0x000000008cbdb928) 
thrown [s\src\hotspot\share\prims\jni.cpp, line 1139]
Event: 43.418 Thread 0x0000018b66be4020 Exception <a 'java/lang/NoSuchMethodError'{0x000000008cbe7ba8}: static Lorg/jetbrains/kotlin/daemon/common/CompileService$CallResult$Good;.<clinit>()V> (0x000000008cbe7ba8) 
thrown [s\src\hotspot\share\prims\jni.cpp, line 1139]
Event: 43.420 Thread 0x0000018b66be4020 Exception <a 'java/lang/NoSuchMethodError'{0x000000008cbf4f70}: static Lorg/jetbrains/kotlin/daemon/common/DaemonJVMOptions;.<clinit>()V> (0x000000008cbf4f70) 
thrown [s\src\hotspot\share\prims\jni.cpp, line 1139]
Event: 43.436 Thread 0x0000018b66be4020 Exception <a 'java/lang/NoSuchMethodError'{0x000000008ca0fed0}: static Lorg/jetbrains/kotlin/daemon/common/CompileService$CallResult$Ok;.<clinit>()V> (0x000000008ca0fed0) 
thrown [s\src\hotspot\share\prims\jni.cpp, line 1139]
Event: 43.504 Thread 0x0000018b66be4020 Exception <a 'java/lang/NoSuchMethodError'{0x000000008c9b29a0}: static [Ljava/lang/Integer;.<clinit>()V> (0x000000008c9b29a0) 
thrown [s\src\hotspot\share\prims\jni.cpp, line 1139]

ZGC Phase Switch (0 events):
No events

VM Operations (20 events):
Event: 43.017 Executing VM operation: Cleanup
Event: 43.017 Executing VM operation: Cleanup done
Event: 43.226 Executing VM operation: HandshakeAllThreads (Deoptimize)
Event: 43.227 Executing VM operation: HandshakeAllThreads (Deoptimize) done
Event: 43.391 Executing VM operation: HandshakeAllThreads (Deoptimize)
Event: 43.392 Executing VM operation: HandshakeAllThreads (Deoptimize) done
Event: 44.399 Executing VM operation: Cleanup
Event: 44.399 Executing VM operation: Cleanup done
Event: 46.414 Executing VM operation: Cleanup
Event: 46.414 Executing VM operation: Cleanup done
Event: 59.536 Executing VM operation: Cleanup
Event: 59.537 Executing VM operation: Cleanup done
Event: 60.223 Executing VM operation: HandshakeAllThreads (HandshakeForDeflation)
Event: 60.223 Executing VM operation: HandshakeAllThreads (HandshakeForDeflation) done
Event: 60.224 Executing VM operation: RendezvousGCThreads
Event: 60.224 Executing VM operation: RendezvousGCThreads done
Event: 63.256 Executing VM operation: Cleanup
Event: 63.257 Executing VM operation: Cleanup done
Event: 78.414 Executing VM operation: Cleanup
Event: 78.415 Executing VM operation: Cleanup done

Memory protections (0 events):
No events

Nmethod flushes (20 events):
Event: 41.669 Thread 0x0000018b5e9471c0 flushing  nmethod 0x0000018b49a36f10
Event: 41.669 Thread 0x0000018b5e9471c0 flushing  nmethod 0x0000018b49e3bb10
Event: 41.669 Thread 0x0000018b5e9471c0 flushing  nmethod 0x0000018b49e6d990
Event: 41.669 Thread 0x0000018b5e9471c0 flushing  nmethod 0x0000018b49e6eb10
Event: 41.669 Thread 0x0000018b5e9471c0 flushing  nmethod 0x0000018b49f06d10
Event: 41.669 Thread 0x0000018b5e9471c0 flushing  nmethod 0x0000018b49f07110
Event: 41.669 Thread 0x0000018b5e9471c0 flushing  nmethod 0x0000018b49f8a510
Event: 41.669 Thread 0x0000018b5e9471c0 flushing  nmethod 0x0000018b4a0b6310
Event: 41.669 Thread 0x0000018b5e9471c0 flushing  nmethod 0x0000018b4a0b8410
Event: 41.669 Thread 0x0000018b5e9471c0 flushing  nmethod 0x0000018b4a1a9210
Event: 41.669 Thread 0x0000018b5e9471c0 flushing  nmethod 0x0000018b4a1a9990
Event: 41.669 Thread 0x0000018b5e9471c0 flushing  nmethod 0x0000018b4a295110
Event: 41.669 Thread 0x0000018b5e9471c0 flushing  nmethod 0x0000018b4a2a1310
Event: 41.669 Thread 0x0000018b5e9471c0 flushing  nmethod 0x0000018b4a2a2a10
Event: 41.669 Thread 0x0000018b5e9471c0 flushing  nmethod 0x0000018b4a34fb10
Event: 41.669 Thread 0x0000018b5e9471c0 flushing  nmethod 0x0000018b4a415f90
Event: 41.669 Thread 0x0000018b5e9471c0 flushing  nmethod 0x0000018b4a6d2110
Event: 41.669 Thread 0x0000018b5e9471c0 flushing  nmethod 0x0000018b4a78a210
Event: 41.669 Thread 0x0000018b5e9471c0 flushing  nmethod 0x0000018b4a842110
Event: 41.669 Thread 0x0000018b5e9471c0 flushing  nmethod 0x0000018b4ab95990

Events (20 events):
Event: 37.384 Thread 0x0000018b69c593d0 Thread exited: 0x0000018b69c593d0
Event: 37.491 Thread 0x0000018b69c55680 Thread exited: 0x0000018b69c55680
Event: 37.762 Thread 0x0000018b5e9d4c60 Thread added: 0x0000018b69c58630
Event: 37.801 Thread 0x0000018b5e9d4c60 Thread added: 0x0000018b69c5c380
Event: 38.953 Thread 0x0000018b69c5c380 Thread exited: 0x0000018b69c5c380
Event: 38.953 Thread 0x0000018b69c58630 Thread exited: 0x0000018b69c58630
Event: 39.486 Thread 0x0000018b5e9d4c60 Thread added: 0x0000018b69c593d0
Event: 39.616 Thread 0x0000018b69c593d0 Thread exited: 0x0000018b69c593d0
Event: 39.987 Thread 0x0000018b5e9d4c60 Thread added: 0x0000018b69c58630
Event: 40.208 Thread 0x0000018b6f375230 Thread added: 0x0000018b66be4020
Event: 40.546 Thread 0x0000018b69c58630 Thread exited: 0x0000018b69c58630
Event: 41.427 Thread 0x0000018b66be4020 Thread added: 0x0000018b66be46b0
Event: 43.164 Thread 0x0000018b66be46b0 Thread exited: 0x0000018b66be46b0
Event: 43.329 Thread 0x0000018b66be4020 Thread added: 0x0000018b672fc800
Event: 43.344 Thread 0x0000018b66be4020 Thread added: 0x0000018b672fe8d0
Event: 43.347 Loaded shared library C:\Program Files\Android\Android Studio\jbr\bin\rmi.dll
Event: 43.351 Thread 0x0000018b66be4020 Thread added: 0x0000018b672fdbb0
Event: 43.492 Thread 0x0000018b66be4020 Thread added: 0x0000018b67300310
Event: 43.492 Thread 0x0000018b66be4020 Thread added: 0x0000018b672fe240
Event: 43.607 Thread 0x0000018b67300310 Thread added: 0x0000018b672fce90


Dynamic libraries:
0x00007ff66a0d0000 - 0x00007ff66a0da000 	C:\Program Files\Android\Android Studio\jbr\bin\java.exe
0x00007ffc64da0000 - 0x00007ffc65008000 	C:\WINDOWS\SYSTEM32\ntdll.dll
0x00007ffc63ea0000 - 0x00007ffc63f69000 	C:\WINDOWS\System32\KERNEL32.DLL
0x00007ffc62350000 - 0x00007ffc62748000 	C:\WINDOWS\System32\KERNELBASE.dll
0x00007ffc62880000 - 0x00007ffc629cb000 	C:\WINDOWS\System32\ucrtbase.dll
0x00007ffc50690000 - 0x00007ffc506ab000 	C:\Program Files\Android\Android Studio\jbr\bin\VCRUNTIME140.dll
0x00007ffc1f1e0000 - 0x00007ffc1f1f8000 	C:\Program Files\Android\Android Studio\jbr\bin\jli.dll
0x00007ffc636a0000 - 0x00007ffc63867000 	C:\WINDOWS\System32\USER32.dll
0x00007ffc61ef0000 - 0x00007ffc61f17000 	C:\WINDOWS\System32\win32u.dll
0x00007ffc63c80000 - 0x00007ffc63cab000 	C:\WINDOWS\System32\GDI32.dll
0x00007ffc46400000 - 0x00007ffc46694000 	C:\WINDOWS\WinSxS\amd64_microsoft.windows.common-controls_6595b64144ccf1df_6.0.26100.7019_none_3e06ffa0e335b8a8\COMCTL32.dll
0x00007ffc62750000 - 0x00007ffc6287c000 	C:\WINDOWS\System32\gdi32full.dll
0x00007ffc63aa0000 - 0x00007ffc63b49000 	C:\WINDOWS\System32\msvcrt.dll
0x00007ffc620a0000 - 0x00007ffc62143000 	C:\WINDOWS\System32\msvcp_win.dll
0x00007ffc63c40000 - 0x00007ffc63c71000 	C:\WINDOWS\System32\IMM32.DLL
0x00007ffc41270000 - 0x00007ffc4127c000 	C:\Program Files\Android\Android Studio\jbr\bin\vcruntime140_1.dll
0x00007ffb84bb0000 - 0x00007ffb84c3d000 	C:\Program Files\Android\Android Studio\jbr\bin\msvcp140.dll
0x00007ffb3d130000 - 0x00007ffb3ddbb000 	C:\Program Files\Android\Android Studio\jbr\bin\server\jvm.dll
0x00007ffc64ca0000 - 0x00007ffc64d54000 	C:\WINDOWS\System32\ADVAPI32.dll
0x00007ffc63960000 - 0x00007ffc63a06000 	C:\WINDOWS\System32\sechost.dll
0x00007ffc64a20000 - 0x00007ffc64b38000 	C:\WINDOWS\System32\RPCRT4.dll
0x00007ffc63f80000 - 0x00007ffc63ff4000 	C:\WINDOWS\System32\WS2_32.dll
0x00007ffc61d50000 - 0x00007ffc61dae000 	C:\WINDOWS\SYSTEM32\POWRPROF.dll
0x00007ffc5a260000 - 0x00007ffc5a26b000 	C:\WINDOWS\SYSTEM32\VERSION.dll
0x00007ffc55b00000 - 0x00007ffc55b35000 	C:\WINDOWS\SYSTEM32\WINMM.dll
0x00007ffc61d30000 - 0x00007ffc61d44000 	C:\WINDOWS\SYSTEM32\UMPDC.dll
0x00007ffc60cb0000 - 0x00007ffc60ccb000 	C:\WINDOWS\SYSTEM32\kernel.appcore.dll
0x00007ffc41260000 - 0x00007ffc4126a000 	C:\Program Files\Android\Android Studio\jbr\bin\jimage.dll
0x00007ffc54e20000 - 0x00007ffc55062000 	C:\WINDOWS\SYSTEM32\DBGHELP.DLL
0x00007ffc645d0000 - 0x00007ffc6495b000 	C:\WINDOWS\System32\combase.dll
0x00007ffc63870000 - 0x00007ffc63947000 	C:\WINDOWS\System32\OLEAUT32.dll
0x00007ffc399a0000 - 0x00007ffc399dc000 	C:\WINDOWS\SYSTEM32\dbgcore.DLL
0x00007ffc62150000 - 0x00007ffc621f5000 	C:\WINDOWS\System32\bcryptPrimitives.dll
0x00007ffc1edc0000 - 0x00007ffc1edce000 	C:\Program Files\Android\Android Studio\jbr\bin\instrument.dll
0x00007ffc37c60000 - 0x00007ffc37c80000 	C:\Program Files\Android\Android Studio\jbr\bin\java.dll
0x00007ffc37c40000 - 0x00007ffc37c58000 	C:\Program Files\Android\Android Studio\jbr\bin\zip.dll
0x00007ffc62b40000 - 0x00007ffc63291000 	C:\WINDOWS\System32\SHELL32.dll
0x00007ffc629d0000 - 0x00007ffc62b3b000 	C:\WINDOWS\System32\wintypes.dll
0x00007ffc5fae0000 - 0x00007ffc6033d000 	C:\WINDOWS\SYSTEM32\windows.storage.dll
0x00007ffc64490000 - 0x00007ffc64582000 	C:\WINDOWS\System32\SHCORE.dll
0x00007ffc63bd0000 - 0x00007ffc63c37000 	C:\WINDOWS\System32\shlwapi.dll
0x00007ffc61e10000 - 0x00007ffc61e39000 	C:\WINDOWS\SYSTEM32\profapi.dll
0x00007ffc21ad0000 - 0x00007ffc21ae0000 	C:\Program Files\Android\Android Studio\jbr\bin\net.dll
0x00007ffc5b700000 - 0x00007ffc5b828000 	C:\WINDOWS\SYSTEM32\WINHTTP.dll
0x00007ffc61220000 - 0x00007ffc6128b000 	C:\WINDOWS\system32\mswsock.dll
0x00007ffc21ab0000 - 0x00007ffc21ac6000 	C:\Program Files\Android\Android Studio\jbr\bin\nio.dll
0x00007ffc1f230000 - 0x00007ffc1f240000 	C:\Program Files\Android\Android Studio\jbr\bin\verify.dll
0x00007ffb8cfe0000 - 0x00007ffb8d007000 	C:\Users\HP\.gradle\native\1def1411415f61bf3af743bc5b6707747c0891f09f0c88961ee8f79bc544acac\windows-amd64\native-platform.dll
0x00007ffb7c7c0000 - 0x00007ffb7c838000 	C:\Users\HP\.gradle\native\0.2.7\x86_64-windows-gnu\gradle-fileevents.dll
0x00007ffc20ab0000 - 0x00007ffc20ab9000 	C:\Program Files\Android\Android Studio\jbr\bin\management.dll
0x00007ffc1f4f0000 - 0x00007ffc1f4fb000 	C:\Program Files\Android\Android Studio\jbr\bin\management_ext.dll
0x00007ffc63950000 - 0x00007ffc63958000 	C:\WINDOWS\System32\PSAPI.DLL
0x00007ffc60730000 - 0x00007ffc60764000 	C:\WINDOWS\SYSTEM32\IPHLPAPI.DLL
0x00007ffc63e90000 - 0x00007ffc63e9a000 	C:\WINDOWS\System32\NSI.dll
0x00007ffc21a40000 - 0x00007ffc21a49000 	C:\Program Files\Android\Android Studio\jbr\bin\extnet.dll
0x00007ffc614e0000 - 0x00007ffc614fb000 	C:\WINDOWS\SYSTEM32\CRYPTSP.dll
0x00007ffc60c10000 - 0x00007ffc60c4a000 	C:\WINDOWS\system32\rsaenh.dll
0x00007ffc612d0000 - 0x00007ffc612fb000 	C:\WINDOWS\SYSTEM32\USERENV.dll
0x00007ffc61de0000 - 0x00007ffc61e0a000 	C:\WINDOWS\SYSTEM32\bcrypt.dll
0x00007ffc61500000 - 0x00007ffc6150c000 	C:\WINDOWS\SYSTEM32\CRYPTBASE.dll
0x00007ffc53940000 - 0x00007ffc53948000 	C:\WINDOWS\system32\wshunix.dll
0x00007ffc362b0000 - 0x00007ffc362c8000 	C:\WINDOWS\system32\napinsp.dll
0x00007ffc60810000 - 0x00007ffc6093c000 	C:\WINDOWS\SYSTEM32\DNSAPI.dll
0x00007ffc362d0000 - 0x00007ffc362e2000 	C:\WINDOWS\System32\winrnr.dll
0x00007ffc355e0000 - 0x00007ffc35602000 	C:\WINDOWS\system32\nlansp_c.dll
0x00007ffc355c0000 - 0x00007ffc355d6000 	C:\WINDOWS\system32\wshbth.dll
0x00007ffc5acb0000 - 0x00007ffc5acbb000 	C:\Windows\System32\rasadhlp.dll
0x00007ffc5c370000 - 0x00007ffc5c3f6000 	C:\WINDOWS\System32\fwpuclnt.dll
0x00007ffc1b8f0000 - 0x00007ffc1b8f7000 	C:\Program Files\Android\Android Studio\jbr\bin\rmi.dll

dbghelp: loaded successfully - version: 4.0.5 - missing functions: none
symbol engine: initialized successfully - sym options: 0x614 - pdb path: .;C:\Program Files\Android\Android Studio\jbr\bin;C:\WINDOWS\SYSTEM32;C:\WINDOWS\WinSxS\amd64_microsoft.windows.common-controls_6595b64144ccf1df_6.0.26100.7019_none_3e06ffa0e335b8a8;C:\Program Files\Android\Android Studio\jbr\bin\server;C:\Users\HP\.gradle\native\1def1411415f61bf3af743bc5b6707747c0891f09f0c88961ee8f79bc544acac\windows-amd64;C:\Users\HP\.gradle\native\0.2.7\x86_64-windows-gnu

VM Arguments:
jvm_args: --add-opens=java.base/java.lang=ALL-UNNAMED --add-opens=java.base/java.lang.invoke=ALL-UNNAMED --add-opens=java.base/java.util=ALL-UNNAMED --add-opens=java.prefs/java.util.prefs=ALL-UNNAMED --add-exports=jdk.compiler/com.sun.tools.javac.api=ALL-UNNAMED --add-exports=jdk.compiler/com.sun.tools.javac.util=ALL-UNNAMED --add-opens=java.base/java.util=ALL-UNNAMED --add-opens=java.prefs/java.util.prefs=ALL-UNNAMED --add-opens=java.base/java.nio.charset=ALL-UNNAMED --add-opens=java.base/java.net=ALL-UNNAMED --add-opens=java.base/java.util.concurrent.atomic=ALL-UNNAMED --add-opens=java.xml/javax.xml.namespace=ALL-UNNAMED -Xmx2048m -Dfile.encoding=UTF-8 -Duser.country=MX -Duser.language=es -Duser.variant -javaagent:C:\Users\HP\.gradle\wrapper\dists\gradle-8.13-bin\5xuhj0ry160q40clulazy9h7d\gradle-8.13\lib\agents\gradle-instrumentation-agent-8.13.jar 
java_command: org.gradle.launcher.daemon.bootstrap.GradleDaemon 8.13
java_class_path (initial): C:\Users\HP\.gradle\wrapper\dists\gradle-8.13-bin\5xuhj0ry160q40clulazy9h7d\gradle-8.13\lib\gradle-daemon-main-8.13.jar
Launcher Type: SUN_STANDARD

[Global flags]
     intx CICompilerCount                          = 4                                         {product} {ergonomic}
     uint ConcGCThreads                            = 3                                         {product} {ergonomic}
     uint G1ConcRefinementThreads                  = 10                                        {product} {ergonomic}
   size_t G1HeapRegionSize                         = 1048576                                   {product} {ergonomic}
    uintx GCDrainStackTargetSize                   = 64                                        {product} {ergonomic}
   size_t InitialHeapSize                          = 121634816                                 {product} {ergonomic}
   size_t MarkStackSize                            = 4194304                                   {product} {ergonomic}
   size_t MaxHeapSize                              = 2147483648                                {product} {command line}
   size_t MaxNewSize                               = 1287651328                                {product} {ergonomic}
   size_t MinHeapDeltaBytes                        = 1048576                                   {product} {ergonomic}
   size_t MinHeapSize                              = 8388608                                   {product} {ergonomic}
    uintx NonNMethodCodeHeapSize                   = 5839372                                {pd product} {ergonomic}
    uintx NonProfiledCodeHeapSize                  = 122909434                              {pd product} {ergonomic}
    uintx ProfiledCodeHeapSize                     = 122909434                              {pd product} {ergonomic}
    uintx ReservedCodeCacheSize                    = 251658240                              {pd product} {ergonomic}
     bool SegmentedCodeCache                       = true                                      {product} {ergonomic}
   size_t SoftMaxHeapSize                          = 2147483648                             {manageable} {ergonomic}
     bool UseCompressedOops                        = true                           {product lp64_product} {ergonomic}
     bool UseG1GC                                  = true                                      {product} {ergonomic}
     bool UseLargePagesIndividualAllocation        = false                                  {pd product} {ergonomic}

Logging:
Log output configuration:
 #0: stdout all=warning uptime,level,tags foldmultilines=false
 #1: stderr all=off uptime,level,tags foldmultilines=false

Environment Variables:
JAVA_HOME=C:\Program Files\Eclipse Adoptium\jdk-21.0.7.6-hotspot
PATH=C:\Program Files\Eclipse Adoptium\jdk-21.0.7.6-hotspot\bin;C:\Program Files\Common Files\Oracle\Java\javapath;C:\Program Files\Eclipse Foundation\jdk-8.0.302.8-hotspot\bin;C:\Program Files (x86)\VMware\VMware Workstation\bin\;C:\windows\system32;C:\windows;C:\windows\System32\Wbem;C:\windows\System32\WindowsPowerShell\v1.0\;C:\windows\System32\OpenSSH\;C:\Program Files (x86)\NVIDIA Corporation\PhysX\Common;C:\Program Files\NVIDIA Corporation\NVIDIA NvDLISR;C:\Users\Administrator\AppData\Local\Microsoft\WindowsApps;C:\Program Files\HP\OMEN-Broadcast\Common;C:\Program Files\Microsoft SQL Server\Client SDK\ODBC\170\Tools\Binn\;C:\Program Files (x86)\Microsoft SQL Server\160\DTS\Binn\;C:\Program Files\Git\cmd;C:\WINDOWS\system32;C:\WINDOWS;C:\WINDOWS\System32\Wbem;C:\WINDOWS\System32\WindowsPowerShell\v1.0\;C:\WINDOWS\System32\OpenSSH\;C:\Program Files\nodejs\;C:\Program Files\Docker\Docker\resources\bin;C:\dev\flutter_windows_3.27.2-stable\flutter\bin;C:\Program Files\Java\jdk-23\bin;C:\SLite\sqlite-tools-win-x64-3490100;C:\Program Files (x86)\Microsoft SQL Server\160\Tools\Binn\;C:\Program Files\Microsoft SQL Server\160\Tools\Binn\;C:\Program Files\Microsoft SQL Server\160\DTS\Binn\;C:\Program Files\Microsoft SQL Server\150\Tools\Binn\;C:\Program Files\Microsoft SQL Server\130\Tools\Binn\;C:\Program Files\dotnet\;C:\Users\HP\AppData\Local\Programs\Python\Python311\Scripts\;C:\Users\HP\AppData\Local\Programs\Python\Python311\;C:\Users\HP\Downloads\instantclient_23_9;C:\Users\HP\AppData\Local\Programs\Python\Python38\Scripts\;C:\Users\HP\AppData\Local\Programs\Python\Python38\;C:\Users\HP\AppData\Local\Programs\Python\Python310\Scripts\;C:\Users\HP\AppData\Local\Programs\Python\Python310\;C:\Program Files\Eclipse Adoptium\jdk-21.0.7.6-hotspot\bin;C:\Program Files\Eclipse Adoptium\jdk-21.0.7.6-hotspot;C:\Users\HP\flutter\flutter\bin;C:\Users\HP\flutter\;C:\Users\HP\dev\flutter\bin;C:\Program Files\nodejs\;C:\Users\HP\AppData\Local\Microsoft\WindowsApps;C:\Users\HP\AppData\Local\Programs\Microsoft VS Code\bin;C:\Users\HP\AppData\Roaming\npm;C:\Users\HP\AppData\Local\Programs\Ollama;C:\dev\flutter_windows_3.27.2-stable\flutter\bin;C:\xampp\php;C:\Users\HP\AppData\Local\ComposerSetup\bin;C:\Users\HP\AppData\Roaming\Composer\vendor\bin;C:\Users\HP\AppData\Local\Pub\Cache\bin;C:\Users\HP\.dotnet\tools;C:\platform-tools;C:\Users\HP\AppData\Local\GitHubDesktop\bin;C:\flutter\bin;C:\surf;
USERNAME=HP
OS=Windows_NT
PROCESSOR_IDENTIFIER=AMD64 Family 25 Model 68 Stepping 1, AuthenticAMD
TMP=C:\Users\HP\AppData\Local\Temp
TEMP=C:\Users\HP\AppData\Local\Temp




Periodic native trim disabled

JNI global refs:
JNI global refs: 27, weak refs: 0

JNI global refs memory usage: 835, weak refs: 833

Process memory usage:
Resident Set Size: 35560K (0% of 7558584K total physical memory with 574088K free physical memory)

OOME stack traces (most recent first):
Classloader memory used:
Loader org.gradle.internal.classloader.VisitableURLClassLoader                         : 47502K
Loader bootstrap                                                                       : 30332K
Loader org.gradle.internal.classloader.VisitableURLClassLoader$InstrumentingVisitableURLClassLoader: 28713K
Loader org.gradle.initialization.MixInLegacyTypesClassLoader                           : 13380K
Loader jdk.internal.loader.ClassLoaders$PlatformClassLoader                            : 552K
Loader jdk.internal.reflect.DelegatingClassLoader                                      : 546K
Loader org.gradle.internal.classloader.VisitableURLClassLoader                         : 246K
Loader jdk.internal.loader.ClassLoaders$AppClassLoader                                 : 235K
Loader org.gradle.groovy.scripts.internal.DefaultScriptCompilationHandler$ScriptClassLoader: 133K
Loader org.codehaus.groovy.runtime.callsite.CallSiteClassLoader                        : 27232B

Classes loaded by more than one classloader:
Class Program                                                                         : loaded 5 times (x 68B)
Class Build_gradle                                                                    : loaded 3 times (x 126B)
Class Build_gradle$1                                                                  : loaded 3 times (x 70B)
Class org.gradle.internal.classloader.FilteringClassLoader                            : loaded 2 times (x 101B)
Class [Lcom.google.common.base.AbstractIterator$State;                                : loaded 2 times (x 65B)
Class com.google.common.base.CharMatcher$IsEither                                     : loaded 2 times (x 107B)
Class org.gradle.internal.classloader.ClassLoaderHierarchy                            : loaded 2 times (x 66B)
Class com.google.common.collect.ImmutableEnumSet                                      : loaded 2 times (x 142B)
Class com.google.common.util.concurrent.ExecutionError                                : loaded 2 times (x 78B)
Class com.google.common.collect.ImmutableList$1                                       : loaded 2 times (x 93B)
Class org.gradle.api.internal.classpath.ManifestUtil                                  : loaded 2 times (x 67B)
Class com.google.common.collect.RegularImmutableMap                                   : loaded 2 times (x 117B)
Class com.google.common.collect.ImmutableMap$MapViewOfValuesAsSingletonSets           : loaded 2 times (x 121B)
Class [Lorg.objectweb.asm.Symbol;                                                     : loaded 2 times (x 65B)
Class org.objectweb.asm.ClassVisitor                                                  : loaded 2 times (x 83B)
Class com.google.common.collect.UnmodifiableListIterator                              : loaded 2 times (x 91B)
Class org.objectweb.asm.MethodTooLargeException                                       : loaded 2 times (x 79B)
Class com.google.common.base.Platform$JdkPatternCompiler                              : loaded 2 times (x 71B)
Class [Lcom.google.common.cache.CacheBuilder$OneWeigher;                              : loaded 2 times (x 65B)
Class com.google.common.base.Suppliers                                                : loaded 2 times (x 67B)
Class org.gradle.internal.classloader.DefaultClassLoaderFactory                       : loaded 2 times (x 78B)
Class com.google.common.base.CharMatcher$None                                         : loaded 2 times (x 108B)
Class org.gradle.internal.classloader.ClassLoaderVisitor                              : loaded 2 times (x 72B)
Class [Lcom.google.common.collect.ImmutableMapEntry;                                  : loaded 2 times (x 65B)
Class org.gradle.api.internal.classpath.EffectiveClassPath                            : loaded 2 times (x 86B)
Class com.google.common.collect.ImmutableRangeSet                                     : loaded 2 times (x 111B)
Class com.google.common.collect.ImmutableEnumMap                                      : loaded 2 times (x 121B)
Class com.google.common.collect.ListMultimap                                          : loaded 2 times (x 66B)
Class com.google.common.collect.ImmutableSet$SerializedForm                           : loaded 2 times (x 69B)
Class com.google.common.collect.Sets$1                                                : loaded 2 times (x 135B)
Class org.objectweb.asm.AnnotationVisitor                                             : loaded 2 times (x 73B)
Class com.google.common.base.Splitter                                                 : loaded 2 times (x 68B)
Class ijKotlinCoroutineJvmDebugInit1_buww37xxpwyrlogzp1suct069$_run_closure1          : loaded 2 times (x 135B)
Class org.gradle.api.internal.DefaultClassPathProvider                                : loaded 2 times (x 72B)
Class com.google.common.collect.Sets$2                                                : loaded 2 times (x 135B)
Class [Lorg.gradle.api.internal.ClassPathProvider;                                    : loaded 2 times (x 65B)
Class org.gradle.api.internal.ClassPathProvider                                       : loaded 2 times (x 66B)
Class [Lorg.objectweb.asm.AnnotationVisitor;                                          : loaded 2 times (x 65B)
Class com.google.common.collect.Sets$3                                                : loaded 2 times (x 135B)
Class com.google.common.util.concurrent.AbstractFuture$SafeAtomicHelper               : loaded 2 times (x 75B)
Class com.google.common.cache.LocalCache$LocalLoadingCache                            : loaded 2 times (x 130B)
Class com.google.common.base.AbstractIterator$State                                   : loaded 2 times (x 75B)
Class org.gradle.internal.service.UnknownServiceException                             : loaded 2 times (x 79B)
Class com.google.common.collect.Sets$4                                                : loaded 2 times (x 135B)
Class org.objectweb.asm.ModuleVisitor                                                 : loaded 2 times (x 76B)
Class com.google.common.cache.LocalCache$Strength$1                                   : loaded 2 times (x 77B)
Class com.google.common.util.concurrent.SettableFuture                                : loaded 2 times (x 110B)
Class com.google.common.cache.LocalCache$Strength$2                                   : loaded 2 times (x 77B)
Class com.google.common.cache.LocalCache$Strength$3                                   : loaded 2 times (x 77B)
Class com.google.common.collect.MapDifference                                         : loaded 2 times (x 66B)
Class com.google.common.base.Splitter$1                                               : loaded 2 times (x 73B)
Class org.objectweb.asm.FieldWriter                                                   : loaded 2 times (x 73B)
Class com.google.common.cache.CacheBuilder$NullListener                               : loaded 2 times (x 78B)
Class org.gradle.internal.classpath.TransformedClassPath                              : loaded 2 times (x 92B)
Class org.gradle.internal.classloader.InstrumentingClassLoader                        : loaded 2 times (x 66B)
Class com.google.common.collect.ImmutableRangeSet$AsSet                               : loaded 2 times (x 295B)
Class com.google.common.cache.CacheLoader$FunctionToCacheLoader                       : loaded 2 times (x 71B)
Class com.google.common.collect.Iterators$ArrayItr                                    : loaded 2 times (x 93B)
Class com.google.common.collect.ImmutableCollection$Builder                           : loaded 2 times (x 72B)
Class com.google.common.base.Joiner                                                   : loaded 2 times (x 75B)
Class com.google.common.base.MoreObjects                                              : loaded 2 times (x 67B)
Class [Lorg.objectweb.asm.Type;                                                       : loaded 2 times (x 65B)
Class com.google.common.collect.Platform                                              : loaded 2 times (x 67B)
Class com.google.common.collect.UnmodifiableIterator                                  : loaded 2 times (x 76B)
Class org.gradle.internal.service.ServiceLocator                                      : loaded 2 times (x 66B)
Class com.google.common.base.Ascii                                                    : loaded 2 times (x 67B)
Class com.google.common.collect.SingletonImmutableBiMap                               : loaded 2 times (x 139B)
Class com.google.common.cache.LocalCache$1                                            : loaded 2 times (x 85B)
Class com.google.common.collect.AbstractMapEntry                                      : loaded 2 times (x 77B)
Class com.google.common.collect.Sets$ImprovedAbstractSet                              : loaded 2 times (x 131B)
Class com.google.common.collect.ImmutableList$Builder                                 : loaded 2 times (x 73B)
Class com.google.common.cache.LocalCache$2                                            : loaded 2 times (x 138B)
Class com.google.common.collect.AbstractMultimap                                      : loaded 2 times (x 119B)
Class com.google.common.collect.ImmutableRangeSet$1                                   : loaded 2 times (x 205B)
Class com.google.common.util.concurrent.AbstractFuture$UnsafeAtomicHelper$1           : loaded 2 times (x 72B)
Class com.google.common.collect.RegularImmutableAsList                                : loaded 2 times (x 212B)
Class com.google.common.collect.Range                                                 : loaded 2 times (x 83B)
Class com.google.common.util.concurrent.AbstractFuture$Trusted                        : loaded 2 times (x 66B)
Class com.google.common.collect.Iterators                                             : loaded 2 times (x 67B)
Class com.google.common.base.CharMatcher$RangesMatcher                                : loaded 2 times (x 108B)
Class com.google.common.util.concurrent.UncheckedExecutionException                   : loaded 2 times (x 78B)
Class com.google.common.collect.Lists$StringAsImmutableList                           : loaded 2 times (x 203B)
Class org.gradle.kotlin.dsl.VersionCatalogAccessorsKt                                 : loaded 2 times (x 67B)
Class ijKotlinCoroutineJvmDebugInit1_buww37xxpwyrlogzp1suct069$_run_closure1$_closure2: loaded 2 times (x 135B)
Class com.google.common.collect.ImmutableSortedSetFauxverideShim                      : loaded 2 times (x 143B)
Class com.google.common.base.CharMatcher$JavaLetterOrDigit                            : loaded 2 times (x 107B)
Class org.gradle.internal.InternalTransformer                                         : loaded 2 times (x 66B)
Class com.google.common.collect.AbstractMapBasedMultimap$KeySet$1                     : loaded 2 times (x 78B)
Class org.objectweb.asm.ClassWriter                                                   : loaded 2 times (x 100B)
Class com.google.common.cache.CacheLoader$UnsupportedLoadingOperationException        : loaded 2 times (x 78B)
Class com.google.common.base.CharMatcher$And                                          : loaded 2 times (x 108B)
Class org.gradle.internal.classloader.ClasspathUtil$1                                 : loaded 2 times (x 72B)
Class com.google.common.base.Objects                                                  : loaded 2 times (x 67B)
Class org.objectweb.asm.FieldVisitor                                                  : loaded 2 times (x 72B)
Class com.google.common.collect.IndexedImmutableSet                                   : loaded 2 times (x 146B)
Class com.google.common.collect.ImmutableMap$1                                        : loaded 2 times (x 77B)
Class com.google.common.collect.BiMap                                                 : loaded 2 times (x 66B)
Class org.gradle.api.internal.classpath.DefaultModuleRegistry$DefaultModule           : loaded 2 times (x 82B)
Class com.google.common.primitives.Ints                                               : loaded 2 times (x 67B)
Class com.google.common.collect.AbstractIterator                                      : loaded 2 times (x 78B)
Class com.google.common.math.MathPreconditions                                        : loaded 2 times (x 67B)
Class com.google.common.collect.Multiset                                              : loaded 2 times (x 66B)
Class com.google.common.collect.RegularImmutableMap$KeySet                            : loaded 2 times (x 146B)
Class com.google.common.collect.ObjectArrays                                          : loaded 2 times (x 67B)
Class com.google.common.collect.AbstractIndexedListIterator                           : loaded 2 times (x 92B)
Class com.google.common.collect.ImmutableMapEntrySet                                  : loaded 2 times (x 147B)
Class org.gradle.api.internal.classpath.Module                                        : loaded 2 times (x 66B)
Class com.google.common.cache.Weigher                                                 : loaded 2 times (x 66B)
Class org.gradle.api.internal.classpath.UnknownModuleException                        : loaded 2 times (x 78B)
Class com.google.common.base.Stopwatch                                                : loaded 2 times (x 68B)
Class com.google.common.cache.LocalCache$Strength                                     : loaded 2 times (x 77B)
Class com.google.common.cache.Cache                                                   : loaded 2 times (x 66B)
Class com.google.common.util.concurrent.AbstractFuture$Cancellation                   : loaded 2 times (x 68B)
Class com.google.common.collect.ImmutableMap$Builder                                  : loaded 2 times (x 78B)
Class com.google.common.base.NullnessCasts                                            : loaded 2 times (x 67B)
Class com.google.common.cache.RemovalListener                                         : loaded 2 times (x 66B)
Class org.gradle.api.internal.DefaultClassPathRegistry                                : loaded 2 times (x 72B)
Class com.google.common.primitives.IntsMethodsForWeb                                  : loaded 2 times (x 67B)
Class com.google.common.collect.Multimap                                              : loaded 2 times (x 66B)
Class org.gradle.api.internal.ClassPathRegistry                                       : loaded 2 times (x 66B)
Class org.gradle.internal.classpath.DefaultClassPath$ImmutableUniqueList              : loaded 2 times (x 195B)
Class com.google.common.base.ExtraObjectsMethodsForWeb                                : loaded 2 times (x 67B)
Class com.google.common.base.Equivalence$Identity                                     : loaded 2 times (x 78B)
Class com.google.common.cache.CacheBuilder                                            : loaded 2 times (x 68B)
Class com.google.common.collect.SingletonImmutableList                                : loaded 2 times (x 203B)
Class Settings_gradle$1                                                               : loaded 2 times (x 70B)
Class org.gradle.internal.classpath.ClassPath                                         : loaded 2 times (x 66B)
Class org.gradle.api.UncheckedIOException                                             : loaded 2 times (x 78B)
Class com.google.common.collect.ImmutableList$ReverseImmutableList                    : loaded 2 times (x 204B)
Class com.google.common.base.JdkPattern                                               : loaded 2 times (x 71B)
Class org.objectweb.asm.SymbolTable$Entry                                             : loaded 2 times (x 70B)
Class com.google.common.util.concurrent.AbstractFuture$AtomicHelper                   : loaded 2 times (x 74B)
Class org.objectweb.asm.Edge                                                          : loaded 2 times (x 68B)
Class com.google.common.base.Suppliers$SupplierOfInstance                             : loaded 2 times (x 75B)
Class com.google.common.collect.Iterators$1                                           : loaded 2 times (x 77B)
Class ijJvmDebugger1_cczc8vxz7m3kxxnoaqupzk0hw$_run_closure1$_closure2                : loaded 2 times (x 136B)
Class com.google.common.cache.LocalCache$ComputingValueReference                      : loaded 2 times (x 92B)
Class com.google.common.collect.SingletonImmutableSet                                 : loaded 2 times (x 142B)
Class com.google.common.collect.ImmutableMap$IteratorBasedImmutableMap                : loaded 2 times (x 121B)
Class com.google.common.cache.LocalCache$Segment                                      : loaded 2 times (x 150B)
Class com.google.common.collect.SortedIterable                                        : loaded 2 times (x 66B)
Class [Lorg.objectweb.asm.SymbolTable$Entry;                                          : loaded 2 times (x 65B)
Class com.google.common.cache.CacheLoader                                             : loaded 2 times (x 70B)
Class com.google.common.collect.Iterators$4                                           : loaded 2 times (x 78B)
Class com.google.common.collect.ImmutableBiMap                                        : loaded 2 times (x 139B)
Class com.google.common.collect.AbstractListMultimap                                  : loaded 2 times (x 168B)
Class org.gradle.internal.installation.GradleInstallation$1                           : loaded 2 times (x 71B)
Class org.gradle.api.internal.classpath.ModuleRegistry                                : loaded 2 times (x 66B)
Class com.google.common.util.concurrent.internal.InternalFutureFailureAccess          : loaded 2 times (x 68B)
Class com.google.common.collect.Iterators$5                                           : loaded 2 times (x 78B)
Class com.google.common.collect.ImmutableSet$JdkBackedSetBuilderImpl                  : loaded 2 times (x 72B)
Class com.google.common.base.Splitter$SplittingIterator                               : loaded 2 times (x 80B)
Class com.google.common.util.concurrent.AbstractFuture$UnsafeAtomicHelper             : loaded 2 times (x 74B)
Class com.google.common.cache.LocalCache$LocalManualCache$1                           : loaded 2 times (x 71B)
Class com.google.common.base.CharMatcher$ForPredicate                                 : loaded 2 times (x 108B)
Class com.google.common.collect.ImmutableCollection                                   : loaded 2 times (x 121B)
Class com.google.common.base.CharMatcher$AnyOf                                        : loaded 2 times (x 108B)
Class org.gradle.api.internal.classpath.DefaultModuleRegistry                         : loaded 2 times (x 82B)
Class com.google.common.util.concurrent.ListenableFuture                              : loaded 2 times (x 66B)
Class com.google.common.cache.ReferenceEntry                                          : loaded 2 times (x 66B)
Class com.google.common.collect.ImmutableSet$CachingAsList                            : loaded 2 times (x 143B)
Class com.google.common.base.Converter                                                : loaded 2 times (x 86B)
Class com.google.common.collect.Lists                                                 : loaded 2 times (x 67B)
Class com.google.common.base.CharMatcher$Any                                          : loaded 2 times (x 108B)
Class com.google.common.util.concurrent.AbstractFuture                                : loaded 2 times (x 102B)
Class com.google.common.base.FunctionalEquivalence                                    : loaded 2 times (x 79B)
Class com.google.common.collect.Iterators$9                                           : loaded 2 times (x 77B)
Class com.google.common.collect.AbstractMapBasedMultimap                              : loaded 2 times (x 135B)
Class com.google.common.collect.ImmutableAsList                                       : loaded 2 times (x 205B)
Class org.objectweb.asm.RecordComponentVisitor                                        : loaded 2 times (x 73B)
Class com.google.common.cache.CacheLoader$SupplierToCacheLoader                       : loaded 2 times (x 71B)
Class com.google.common.collect.Maps$EntryTransformer                                 : loaded 2 times (x 66B)
Class org.gradle.internal.service.ServiceLookupException                              : loaded 2 times (x 78B)
Class com.google.common.collect.ImmutableSortedSet                                    : loaded 2 times (x 295B)
Class [Lcom.google.common.cache.LocalCache$EntryFactory;                              : loaded 2 times (x 65B)
Class com.google.common.base.CharMatcher$JavaLetter                                   : loaded 2 times (x 107B)
Class org.gradle.internal.classloader.ClassLoaderFactory                              : loaded 2 times (x 66B)
Class com.google.common.cache.LocalCache$LocalManualCache                             : loaded 2 times (x 95B)
Class com.google.common.base.CharMatcher$IsNot                                        : loaded 2 times (x 107B)
Class com.google.common.base.CommonPattern                                            : loaded 2 times (x 70B)
Class org.gradle.internal.service.CachingServiceLocator                               : loaded 2 times (x 78B)
Class com.google.common.collect.AbstractMapBasedMultimap$KeySet                       : loaded 2 times (x 133B)
Class com.google.common.collect.RegularImmutableSortedSet                             : loaded 2 times (x 295B)
Class com.google.common.math.IntMath                                                  : loaded 2 times (x 67B)
Class com.google.common.collect.Iterators$10                                          : loaded 2 times (x 77B)
Class com.google.common.collect.ImmutableMapEntry                                     : loaded 2 times (x 81B)
Class com.google.common.base.CharMatcher$JavaDigit                                    : loaded 2 times (x 107B)
Class com.google.common.base.Equivalence                                              : loaded 2 times (x 78B)
Class com.google.common.collect.ImmutableMapEntry$NonTerminalImmutableMapEntry        : loaded 2 times (x 81B)
Class com.google.common.base.Function                                                 : loaded 2 times (x 66B)
Class com.google.common.cache.CacheBuilder$OneWeigher                                 : loaded 2 times (x 78B)
Class com.google.common.collect.RegularImmutableList                                  : loaded 2 times (x 208B)
Class com.google.common.collect.ImmutableBiMapFauxverideShim                          : loaded 2 times (x 116B)
Class org.gradle.internal.classloader.ClasspathUtil                                   : loaded 2 times (x 67B)
Class com.google.common.base.Charsets                                                 : loaded 2 times (x 67B)
Class com.google.common.util.concurrent.Uninterruptibles                              : loaded 2 times (x 67B)
Class com.google.common.collect.Maps                                                  : loaded 2 times (x 67B)
Class com.google.common.base.CharMatcher$JavaUpperCase                                : loaded 2 times (x 107B)
Class org.gradle.api.specs.Spec                                                       : loaded 2 times (x 66B)
Class [Lcom.google.common.collect.ImmutableEntry;                                     : loaded 2 times (x 65B)
Class com.google.common.cache.LocalCache$LoadingValueReference                        : loaded 2 times (x 92B)
Class ijKotlinCoroutineJvmDebugInit1_buww37xxpwyrlogzp1suct069                        : loaded 2 times (x 175B)
Class ijJvmDebugger1_cczc8vxz7m3kxxnoaqupzk0hw                                        : loaded 2 times (x 175B)
Class com.google.common.collect.ArrayListMultimapGwtSerializationDependencies         : loaded 2 times (x 168B)
Class com.google.common.base.Platform                                                 : loaded 2 times (x 67B)
Class [Lorg.objectweb.asm.AnnotationWriter;                                           : loaded 2 times (x 65B)
Class com.google.common.primitives.Ints$IntConverter                                  : loaded 2 times (x 86B)
Class com.google.common.collect.Maps$8                                                : loaded 2 times (x 78B)
Class com.google.common.collect.ImmutableRangeSet$Builder                             : loaded 2 times (x 73B)
Class com.google.common.collect.Sets$SetView                                          : loaded 2 times (x 134B)
Class com.google.common.cache.LocalCache$StrongValueReference                         : loaded 2 times (x 86B)
Class com.google.common.util.concurrent.AbstractFuture$SynchronizedHelper             : loaded 2 times (x 74B)
Class com.google.common.base.CharMatcher$Invisible                                    : loaded 2 times (x 108B)
Class org.objectweb.asm.Type                                                          : loaded 2 times (x 68B)
Class org.gradle.internal.classloader.VisitableURLClassLoader$InstrumentingVisitableURLClassLoader: loaded 2 times (x 119B)
Class org.objectweb.asm.ByteVector                                                    : loaded 2 times (x 74B)
Class [Lcom.google.common.cache.CacheBuilder$NullListener;                            : loaded 2 times (x 65B)
Class com.google.common.math.IntMath$1                                                : loaded 2 times (x 67B)
Class org.gradle.internal.classloader.VisitableURLClassLoader$Spec                    : loaded 2 times (x 70B)
Class org.gradle.internal.classpath.DefaultClassPath                                  : loaded 2 times (x 86B)
Class org.objectweb.asm.Symbol                                                        : loaded 2 times (x 69B)
Class com.google.common.base.AbstractIterator                                         : loaded 2 times (x 76B)
Class com.google.common.collect.RegularImmutableMap$Values                            : loaded 2 times (x 203B)
Class com.google.common.collect.ImmutableSet                                          : loaded 2 times (x 141B)
Class com.google.common.base.CharMatcher$BitSetMatcher                                : loaded 2 times (x 108B)
Class com.google.common.base.CharMatcher$Ascii                                        : loaded 2 times (x 108B)
Class org.gradle.internal.classloader.ClassLoaderSpec                                 : loaded 2 times (x 67B)
Class org.objectweb.asm.AnnotationWriter                                              : loaded 2 times (x 74B)
Class com.google.common.cache.CacheStats                                              : loaded 2 times (x 67B)
Class org.objectweb.asm.RecordComponentWriter                                         : loaded 2 times (x 74B)
Class com.google.common.util.concurrent.AbstractFuture$Listener                       : loaded 2 times (x 68B)
Class com.google.common.base.CharMatcher$Or                                           : loaded 2 times (x 108B)
Class Settings_gradle$1$1                                                             : loaded 2 times (x 70B)
Class org.objectweb.asm.Attribute                                                     : loaded 2 times (x 73B)
Class com.google.common.base.Supplier                                                 : loaded 2 times (x 66B)
Class org.gradle.internal.classloader.VisitableURLClassLoader                         : loaded 2 times (x 113B)
Class com.google.common.util.concurrent.AbstractFuture$Waiter                         : loaded 2 times (x 68B)
Class Settings_gradle                                                                 : loaded 2 times (x 124B)
Class org.gradle.internal.Cast                                                        : loaded 2 times (x 67B)
Class org.gradle.api.Action                                                           : loaded 2 times (x 66B)
Class com.google.common.collect.Sets                                                  : loaded 2 times (x 67B)
Class org.objectweb.asm.Handler                                                       : loaded 2 times (x 68B)
Class com.google.common.base.Strings                                                  : loaded 2 times (x 67B)
Class com.google.common.base.Ticker                                                   : loaded 2 times (x 68B)
Class com.google.common.base.CharMatcher$FastMatcher                                  : loaded 2 times (x 107B)
Class [Lcom.google.common.cache.LocalCache$Segment;                                   : loaded 2 times (x 65B)
Class [Lcom.google.common.cache.LocalCache$Strength;                                  : loaded 2 times (x 65B)
Class com.google.common.cache.CacheBuilder$1                                          : loaded 2 times (x 81B)
Class com.google.common.collect.ImmutableMap                                          : loaded 2 times (x 116B)
Class com.google.common.base.Predicate                                                : loaded 2 times (x 66B)
Class org.gradle.internal.classpath.DefaultClassPath$ImmutableUniqueList$Builder      : loaded 2 times (x 71B)
Class com.google.common.collect.AbstractRangeSet                                      : loaded 2 times (x 110B)
Class com.google.common.cache.LocalCache                                              : loaded 2 times (x 183B)
Class com.google.common.cache.CacheBuilder$2                                          : loaded 2 times (x 75B)
Class com.google.common.base.CharMatcher$NegatedFastMatcher                           : loaded 2 times (x 109B)
Class com.google.common.cache.CacheBuilder$3                                          : loaded 2 times (x 68B)
Class [Lcom.google.common.collect.AbstractMapEntry;                                   : loaded 2 times (x 65B)
Class com.google.common.collect.ImmutableEntry                                        : loaded 2 times (x 78B)
Class com.google.common.collect.ArrayListMultimap                                     : loaded 2 times (x 168B)
Class com.google.common.base.AbstractIterator$1                                       : loaded 2 times (x 67B)
Class com.google.common.base.CharMatcher$Digit                                        : loaded 2 times (x 108B)
Class org.gradle.api.GradleException                                                  : loaded 2 times (x 78B)
Class com.google.common.collect.CollectPreconditions                                  : loaded 2 times (x 67B)
Class com.google.common.base.CharMatcher$JavaIsoControl                               : loaded 2 times (x 108B)
Class com.google.common.collect.SortedMapDifference                                   : loaded 2 times (x 66B)
Class com.google.common.base.CharMatcher$JavaLowerCase                                : loaded 2 times (x 107B)
Class ijJvmDebugger1_cczc8vxz7m3kxxnoaqupzk0hw$_run_closure1                          : loaded 2 times (x 135B)
Class com.google.common.cache.LocalCache$EntryFactory                                 : loaded 2 times (x 79B)
Class com.google.common.cache.LocalCache$AbstractReferenceEntry                       : loaded 2 times (x 103B)
Class com.google.common.base.Splitter$1$1                                             : loaded 2 times (x 82B)
Class com.google.common.base.CharMatcher$Whitespace                                   : loaded 2 times (x 108B)
Class org.gradle.internal.IoActions                                                   : loaded 2 times (x 67B)
Class com.google.common.collect.ImmutableRangeSet$ComplementRanges                    : loaded 2 times (x 203B)
Class org.objectweb.asm.SymbolTable                                                   : loaded 2 times (x 68B)
Class com.google.common.cache.CacheLoader$InvalidCacheLoadException                   : loaded 2 times (x 78B)
Class com.google.common.collect.ImmutableSet$RegularSetBuilderImpl                    : loaded 2 times (x 73B)
Class com.google.common.base.CharMatcher$SingleWidth                                  : loaded 2 times (x 108B)
Class org.gradle.internal.classloader.SystemClassLoaderSpec                           : loaded 2 times (x 67B)
Class com.google.common.cache.LocalCache$StrongEntry                                  : loaded 2 times (x 104B)
Class com.google.common.util.concurrent.AbstractFuture$TrustedFuture                  : loaded 2 times (x 110B)
Class com.google.common.cache.LoadingCache                                            : loaded 2 times (x 66B)
Class org.objectweb.asm.MethodWriter                                                  : loaded 2 times (x 101B)
Class [Lcom.google.common.cache.Weigher;                                              : loaded 2 times (x 65B)
Class com.google.common.collect.RegularImmutableMap$BucketOverflowException           : loaded 2 times (x 78B)
Class com.google.common.collect.RegularImmutableBiMap                                 : loaded 2 times (x 144B)
Class com.google.common.cache.LocalCache$ValueReference                               : loaded 2 times (x 66B)
Class com.google.common.base.CharMatcher$Negated                                      : loaded 2 times (x 109B)
Class com.google.common.base.CharMatcher$Is                                           : loaded 2 times (x 107B)
Class com.google.common.util.concurrent.AbstractFuture$Failure                        : loaded 2 times (x 68B)
Class com.google.common.base.PatternCompiler                                          : loaded 2 times (x 66B)
Class com.google.common.base.Equivalence$Equals                                       : loaded 2 times (x 78B)
Class com.google.common.collect.Hashing                                               : loaded 2 times (x 67B)
Class com.google.common.base.Preconditions                                            : loaded 2 times (x 67B)
Class com.google.common.base.Joiner$1                                                 : loaded 2 times (x 76B)
Class org.objectweb.asm.Label                                                         : loaded 2 times (x 69B)
Class org.objectweb.asm.CurrentFrame                                                  : loaded 2 times (x 69B)
Class org.objectweb.asm.ClassTooLargeException                                        : loaded 2 times (x 79B)
Class com.google.common.collect.PeekingIterator                                       : loaded 2 times (x 66B)
Class com.google.common.base.CharMatcher                                              : loaded 2 times (x 107B)
Class com.google.common.collect.RangeGwtSerializationDependencies                     : loaded 2 times (x 67B)
Class com.google.common.base.Joiner$2                                                 : loaded 2 times (x 75B)
Class org.objectweb.asm.Frame                                                         : loaded 2 times (x 69B)
Class org.objectweb.asm.MethodVisitor                                                 : loaded 2 times (x 100B)
Class com.google.common.cache.LocalCache$EntryFactory$1                               : loaded 2 times (x 79B)
Class [Lcom.google.common.cache.RemovalListener;                                      : loaded 2 times (x 65B)
Class com.google.common.base.CharMatcher$1                                            : loaded 2 times (x 109B)
Class com.google.common.base.CharMatcher$NamedFastMatcher                             : loaded 2 times (x 108B)
Class com.google.common.collect.RangeSet                                              : loaded 2 times (x 66B)
Class com.google.common.cache.LocalCache$EntryFactory$2                               : loaded 2 times (x 79B)
Class org.gradle.api.internal.classpath.GlobalCacheRootsProvider                      : loaded 2 times (x 66B)
Class com.google.common.collect.CollectCollectors                                     : loaded 2 times (x 67B)
Class org.objectweb.asm.ModuleWriter                                                  : loaded 2 times (x 77B)
Class com.google.common.cache.LocalCache$EntryFactory$3                               : loaded 2 times (x 79B)
Class com.google.common.base.Ticker$1                                                 : loaded 2 times (x 68B)
Class com.google.common.collect.ImmutableMapEntrySet$RegularEntrySet                  : loaded 2 times (x 147B)
Class com.google.common.collect.Maps$BiMapConverter                                   : loaded 2 times (x 86B)
Class com.google.common.cache.LocalCache$EntryFactory$4                               : loaded 2 times (x 79B)
Class com.google.common.collect.ImmutableSet$Builder                                  : loaded 2 times (x 81B)
Class com.google.common.base.CharMatcher$InRange                                      : loaded 2 times (x 107B)
Class com.google.common.cache.LocalCache$EntryFactory$5                               : loaded 2 times (x 79B)
Class com.google.common.base.PairwiseEquivalence                                      : loaded 2 times (x 79B)
Class com.google.common.cache.LocalCache$EntryFactory$6                               : loaded 2 times (x 79B)
Class org.gradle.internal.installation.CurrentGradleInstallationLocator               : loaded 2 times (x 67B)
Class com.google.common.collect.Maps$KeySet                                           : loaded 2 times (x 133B)
Class com.google.common.cache.LocalCache$EntryFactory$7                               : loaded 2 times (x 79B)
Class com.google.common.collect.ImmutableSet$EmptySetBuilderImpl                      : loaded 2 times (x 72B)
Class com.google.common.collect.ImmutableList                                         : loaded 2 times (x 202B)
Class org.gradle.internal.service.DefaultServiceLocator                               : loaded 2 times (x 79B)
Class com.google.common.cache.LocalCache$EntryFactory$8                               : loaded 2 times (x 79B)
Class com.google.common.collect.ImmutableSet$SetBuilderImpl                           : loaded 2 times (x 72B)
Class org.gradle.internal.installation.CurrentGradleInstallation                      : loaded 2 times (x 69B)
Class com.google.common.cache.CacheLoader$1                                           : loaded 2 times (x 71B)
Class com.google.common.collect.ForwardingObject                                      : loaded 2 times (x 68B)
Class com.google.common.collect.ImmutableList$SubList                                 : loaded 2 times (x 204B)
Class org.gradle.util.internal.GUtil                                                  : loaded 2 times (x 67B)
Class com.google.common.util.concurrent.AbstractFuture$SetFuture                      : loaded 2 times (x 71B)
Class com.google.common.cache.AbstractCache$StatsCounter                              : loaded 2 times (x 66B)
Class com.google.common.collect.Iterators$MergingIterator                             : loaded 2 times (x 77B)
Class com.google.common.collect.RegularImmutableSet                                   : loaded 2 times (x 144B)
Class org.gradle.internal.installation.GradleInstallation                             : loaded 2 times (x 71B)
Class com.google.common.collect.Iterables                                             : loaded 2 times (x 67B)
Class com.google.common.base.Splitter$Strategy                                        : loaded 2 times (x 66B)

---------------  S Y S T E M  ---------------

OS:
 Windows 11 , 64 bit Build 26100 (10.0.26100.7019)
OS uptime: 0 days 2:22 hours
Hyper-V role detected

CPU: total 12 (initial active 12) (12 cores per cpu, 2 threads per core) family 25 model 68 stepping 1 microcode 0xa404107, cx8, cmov, fxsr, ht, mmx, 3dnowpref, sse, sse2, sse3, ssse3, sse4a, sse4.1, sse4.2, popcnt, lzcnt, tsc, tscinvbit, avx, avx2, aes, erms, clmul, bmi1, bmi2, adx, sha, fma, vzeroupper, clflush, clflushopt, hv, rdtscp, rdpid, fsrm, f16c, cet_ss
Processor Information for the first 12 processors :
  Max Mhz: 3301, Current Mhz: 3301, Mhz Limit: 3301

Memory: 4k page, system-wide physical 7381M (410M free)
TotalPageFile size 29909M (AvailPageFile size 33M)
current process WorkingSet (physical memory assigned to process): 80M, peak: 476M
current process commit charge ("private bytes"): 581M, peak: 598M

vm_info: OpenJDK 64-Bit Server VM (21.0.6+-13391695-b895.109) for windows-amd64 JRE (21.0.6+-13391695-b895.109), built on 2025-04-22T21:19:17Z by "builder" with MS VC++ 16.10 / 16.11 (VS2019)

END.
